,K,O,S,IC,OC,iprec,wprec,cycle
0,3,28,2,64,128,2,2,37122
1,3,28,2,64,128,2,3,37378
2,3,28,2,64,128,2,4,40450
3,3,28,2,64,128,2,5,40664
4,3,28,2,64,128,2,6,41048
5,3,28,2,64,128,2,7,41432
6,3,28,2,64,128,2,8,47108
7,3,28,2,64,128,3,2,38274
8,3,28,2,64,128,3,3,38573
9,3,28,2,64,128,3,4,42926
10,3,28,2,64,128,3,5,57667
11,3,28,2,64,128,3,6,57763
12,3,28,2,64,128,3,7,57859
13,3,28,2,64,128,3,8,57955
14,3,28,2,64,128,4,2,39597
15,3,28,2,64,128,4,3,39896
16,3,28,2,64,128,4,4,45572
17,3,28,2,64,128,4,5,57208
18,3,28,2,64,128,4,6,57304
19,3,28,2,64,128,4,7,57400
20,3,28,2,64,128,4,8,57692
21,3,28,2,64,128,5,2,40835
22,3,28,2,64,128,5,3,58064
23,3,28,2,64,128,5,4,57693
24,3,28,2,64,128,5,5,113683
25,3,28,2,64,128,5,6,113779
26,3,28,2,64,128,5,7,113875
27,3,28,2,64,128,5,8,113924
28,3,28,2,64,128,6,2,42158
29,3,28,2,64,128,6,3,57736
30,3,28,2,64,128,6,4,57352
31,3,28,2,64,128,6,5,113710
32,3,28,2,64,128,6,6,113806
33,3,28,2,64,128,6,7,113902
34,3,28,2,64,128,6,8,113998
35,3,28,2,64,128,7,2,43481
36,3,28,2,64,128,7,3,57744
37,3,28,2,64,128,7,4,57747
38,3,28,2,64,128,7,5,113737
39,3,28,2,64,128,7,6,113833
40,3,28,2,64,128,7,7,113929
41,3,28,2,64,128,7,8,114025
42,3,28,2,64,128,8,2,44804
43,3,28,2,64,128,8,3,57838
44,3,28,2,64,128,8,4,57774
45,3,28,2,64,128,8,5,113656
46,3,28,2,64,128,8,6,113752
47,3,28,2,64,128,8,7,113848
48,3,28,2,64,128,8,8,113560
49,1,56,1,64,64,2,2,69163
50,1,56,1,64,64,2,3,69121
51,1,56,1,64,64,2,4,69163
52,1,56,1,64,64,2,5,69099
53,1,56,1,64,64,2,6,69121
54,1,56,1,64,64,2,7,69142
55,1,56,1,64,64,2,8,69163
56,1,56,1,64,64,3,2,70123
57,1,56,1,64,64,3,3,70102
58,1,56,1,64,64,3,4,70123
59,1,56,1,64,64,3,5,70145
60,1,56,1,64,64,3,6,70166
61,1,56,1,64,64,3,7,70187
62,1,56,1,64,64,3,8,70209
63,1,56,1,64,64,4,2,71169
64,1,56,1,64,64,4,3,71147
65,1,56,1,64,64,4,4,71169
66,1,56,1,64,64,4,5,71190
67,1,56,1,64,64,4,6,71211
68,1,56,1,64,64,4,7,71233
69,1,56,1,64,64,4,8,71254
70,1,56,1,64,64,5,2,72171
71,1,56,1,64,64,5,3,72193
72,1,56,1,64,64,5,4,72214
73,1,56,1,64,64,5,5,72235
74,1,56,1,64,64,5,6,72257
75,1,56,1,64,64,5,7,72278
76,1,56,1,64,64,5,8,72299
77,1,56,1,64,64,6,2,73217
78,1,56,1,64,64,6,3,73238
79,1,56,1,64,64,6,4,73259
80,1,56,1,64,64,6,5,73281
81,1,56,1,64,64,6,6,73302
82,1,56,1,64,64,6,7,73323
83,1,56,1,64,64,6,8,73345
84,1,56,1,64,64,7,2,74262
85,1,56,1,64,64,7,3,74283
86,1,56,1,64,64,7,4,74305
87,1,56,1,64,64,7,5,74326
88,1,56,1,64,64,7,6,74347
89,1,56,1,64,64,7,7,74369
90,1,56,1,64,64,7,8,74390
91,1,56,1,64,64,8,2,75307
92,1,56,1,64,64,8,3,75329
93,1,56,1,64,64,8,4,75350
94,1,56,1,64,64,8,5,75371
95,1,56,1,64,64,8,6,75393
96,1,56,1,64,64,8,7,75414
97,1,56,1,64,64,8,8,75435
98,1,56,1,256,128,2,2,142508
99,1,56,1,256,128,2,3,142678
100,1,56,1,256,128,2,4,142849
101,1,56,1,256,128,2,5,143020
102,1,56,1,256,128,2,6,143190
103,1,56,1,256,128,2,7,143361
104,1,56,1,256,128,2,8,143532
105,1,56,1,256,128,3,2,146689
106,1,56,1,256,128,3,3,146860
107,1,56,1,256,128,3,4,147030
108,1,56,1,256,128,3,5,147201
109,1,56,1,256,128,3,6,147372
110,1,56,1,256,128,3,7,147542
111,1,56,1,256,128,3,8,147713
112,1,56,1,256,128,4,2,150870
113,1,56,1,256,128,4,3,151041
114,1,56,1,256,128,4,4,151211
115,1,56,1,256,128,4,5,151382
116,1,56,1,256,128,4,6,151553
117,1,56,1,256,128,4,7,151723
118,1,56,1,256,128,4,8,151894
119,1,56,1,256,128,5,2,155052
120,1,56,1,256,128,5,3,155222
121,1,56,1,256,128,5,4,155393
122,1,56,1,256,128,5,5,201670
123,1,56,1,256,128,5,6,201841
124,1,56,1,256,128,5,7,202011
125,1,56,1,256,128,5,8,202182
126,1,56,1,256,128,6,2,159233
127,1,56,1,256,128,6,3,159404
128,1,56,1,256,128,6,4,159574
129,1,56,1,256,128,6,5,201675
130,1,56,1,256,128,6,6,201846
131,1,56,1,256,128,6,7,202017
132,1,56,1,256,128,6,8,202187
133,1,56,1,256,128,7,2,163414
134,1,56,1,256,128,7,3,163585
135,1,56,1,256,128,7,4,163755
136,1,56,1,256,128,7,5,201681
137,1,56,1,256,128,7,6,201851
138,1,56,1,256,128,7,7,202022
139,1,56,1,256,128,7,8,202193
140,1,56,1,256,128,8,2,167596
141,1,56,1,256,128,8,3,167766
142,1,56,1,256,128,8,4,167937
143,1,56,1,256,128,8,5,201686
144,1,56,1,256,128,8,6,201857
145,1,56,1,256,128,8,7,202027
146,1,56,1,256,128,8,8,202198
147,3,8,1,256,512,2,2,23478
148,3,8,1,256,512,2,3,29622
149,3,8,1,256,512,2,4,35766
150,3,8,1,256,512,2,5,41910
151,3,8,1,256,512,2,6,48054
152,3,8,1,256,512,2,7,54198
153,3,8,1,256,512,2,8,60342
154,3,8,1,256,512,3,2,23612
155,3,8,1,256,512,3,3,39100
156,3,8,1,256,512,3,4,38332
157,3,8,1,256,512,3,5,74780
158,3,8,1,256,512,3,6,74828
159,3,8,1,256,512,3,7,74876
160,3,8,1,256,512,3,8,75196
161,3,8,1,256,512,4,2,23745
162,3,8,1,256,512,4,3,39233
163,3,8,1,256,512,4,4,38465
164,3,8,1,256,512,4,5,74694
165,3,8,1,256,512,4,6,74796
166,3,8,1,256,512,4,7,74844
167,3,8,1,256,512,4,8,74892
168,3,8,1,256,512,5,2,38412
169,3,8,1,256,512,5,3,74940
170,3,8,1,256,512,5,4,74724
171,3,8,1,256,512,5,5,148174
172,3,8,1,256,512,5,6,148344
173,3,8,1,256,512,5,7,148368
174,3,8,1,256,512,5,8,148392
175,3,8,1,256,512,6,2,38332
176,3,8,1,256,512,6,3,74900
177,3,8,1,256,512,6,4,74704
178,3,8,1,256,512,6,5,148260
179,3,8,1,256,512,6,6,148334
180,3,8,1,256,512,6,7,148358
181,3,8,1,256,512,6,8,148382
182,3,8,1,256,512,7,2,38398
183,3,8,1,256,512,7,3,74933
184,3,8,1,256,512,7,4,74720
185,3,8,1,256,512,7,5,148318
186,3,8,1,256,512,7,6,148342
187,3,8,1,256,512,7,7,148366
188,3,8,1,256,512,7,8,148390
189,3,8,1,256,512,8,2,38465
190,3,8,1,256,512,8,3,74796
191,3,8,1,256,512,8,4,74737
192,3,8,1,256,512,8,5,147966
193,3,8,1,256,512,8,6,147990
194,3,8,1,256,512,8,7,148014
195,3,8,1,256,512,8,8,148038
196,3,8,1,512,512,2,2,36033
197,3,8,1,512,512,2,3,48321
198,3,8,1,512,512,2,4,60609
199,3,8,1,512,512,2,5,75425
200,3,8,1,512,512,2,6,85185
201,3,8,1,512,512,2,7,97473
202,3,8,1,512,512,2,8,109761
203,3,8,1,512,512,3,2,47223
204,3,8,1,512,512,3,3,74800
205,3,8,1,512,512,3,4,74896
206,3,8,1,512,512,3,5,148430
207,3,8,1,512,512,3,6,148478
208,3,8,1,512,512,3,7,148526
209,3,8,1,512,512,3,8,148574
210,3,8,1,512,512,4,2,47489
211,3,8,1,512,512,4,3,74833
212,3,8,1,512,512,4,4,77142
213,3,8,1,512,512,4,5,148446
214,3,8,1,512,512,4,6,148494
215,3,8,1,512,512,4,7,148542
216,3,8,1,512,512,4,8,148590
217,3,8,1,512,512,5,2,74770
218,3,8,1,512,512,5,3,148002
219,3,8,1,512,512,5,4,148050
220,3,8,1,512,512,5,5,295404
221,3,8,1,512,512,5,6,295428
222,3,8,1,512,512,5,7,295452
223,3,8,1,512,512,5,8,295476
224,3,8,1,512,512,6,2,74804
225,3,8,1,512,512,6,3,148014
226,3,8,1,512,512,6,4,148062
227,3,8,1,512,512,6,5,295410
228,3,8,1,512,512,6,6,295434
229,3,8,1,512,512,6,7,295458
230,3,8,1,512,512,6,8,295482
231,3,8,1,512,512,7,2,74837
232,3,8,1,512,512,7,3,148026
233,3,8,1,512,512,7,4,148448
234,3,8,1,512,512,7,5,295416
235,3,8,1,512,512,7,6,295440
236,3,8,1,512,512,7,7,295464
237,3,8,1,512,512,7,8,295488
238,3,8,1,512,512,8,2,74870
239,3,8,1,512,512,8,3,148038
240,3,8,1,512,512,8,4,148465
241,3,8,1,512,512,8,5,295422
242,3,8,1,512,512,8,6,295446
243,3,8,1,512,512,8,7,295470
244,3,8,1,512,512,8,8,295494
245,3,7,1,512,512,2,2,33372
246,3,7,1,512,512,2,3,45660
247,3,7,1,512,512,2,4,57948
248,3,7,1,512,512,2,5,70236
249,3,7,1,512,512,2,6,82524
250,3,7,1,512,512,2,7,94812
251,3,7,1,512,512,2,8,107100
252,3,7,1,512,512,3,2,33588
253,3,7,1,512,512,3,3,57908
254,3,7,1,512,512,3,4,58164
255,3,7,1,512,512,3,5,114308
256,3,7,1,512,512,3,6,114356
257,3,7,1,512,512,3,7,114404
258,3,7,1,512,512,3,8,114452
259,3,7,1,512,512,4,2,42167
260,3,7,1,512,512,4,3,58556
261,3,7,1,512,512,4,4,71340
262,3,7,1,512,512,4,5,113714
263,3,7,1,512,512,4,6,113762
264,3,7,1,512,512,4,7,113810
265,3,7,1,512,512,4,8,120492
266,3,7,1,512,512,5,2,57299
267,3,7,1,512,512,5,3,113631
268,3,7,1,512,512,5,4,113679
269,3,7,1,512,512,5,5,226470
270,3,7,1,512,512,5,6,226494
271,3,7,1,512,512,5,7,226518
272,3,7,1,512,512,5,8,226542
273,3,7,1,512,512,6,2,57326
274,3,7,1,512,512,6,3,113645
275,3,7,1,512,512,6,4,113693
276,3,7,1,512,512,6,5,226476
277,3,7,1,512,512,6,6,226500
278,3,7,1,512,512,6,7,226524
279,3,7,1,512,512,6,8,226548
280,3,7,1,512,512,7,2,57353
281,3,7,1,512,512,7,3,113658
282,3,7,1,512,512,7,4,113706
283,3,7,1,512,512,7,5,226483
284,3,7,1,512,512,7,6,226507
285,3,7,1,512,512,7,7,226531
286,3,7,1,512,512,7,8,226555
287,3,7,1,512,512,8,2,59756
288,3,7,1,512,512,8,3,113672
289,3,7,1,512,512,8,4,113720
290,3,7,1,512,512,8,5,226490
291,3,7,1,512,512,8,6,226514
292,3,7,1,512,512,8,7,226538
293,3,7,1,512,512,8,8,226562
294,1,28,2,64,128,2,2,34316
295,1,28,2,64,128,2,3,34230
296,1,28,2,64,128,2,4,34316
297,1,28,2,64,128,2,5,34188
298,1,28,2,64,128,2,6,34230
299,1,28,2,64,128,2,7,34273
300,1,28,2,64,128,2,8,34316
301,1,28,2,64,128,3,2,34406
302,1,28,2,64,128,3,3,34364
303,1,28,2,64,128,3,4,34406
304,1,28,2,64,128,3,5,34449
305,1,28,2,64,128,3,6,34492
306,1,28,2,64,128,3,7,34534
307,1,28,2,64,128,3,8,34577
308,1,28,2,64,128,4,2,34668
309,1,28,2,64,128,4,3,34625
310,1,28,2,64,128,4,4,34668
311,1,28,2,64,128,4,5,34710
312,1,28,2,64,128,4,6,34753
313,1,28,2,64,128,4,7,34796
314,1,28,2,64,128,4,8,34838
315,1,28,2,64,128,5,2,34844
316,1,28,2,64,128,5,3,34886
317,1,28,2,64,128,5,4,34929
318,1,28,2,64,128,5,5,34972
319,1,28,2,64,128,5,6,35014
320,1,28,2,64,128,5,7,35057
321,1,28,2,64,128,5,8,35100
322,1,28,2,64,128,6,2,35105
323,1,28,2,64,128,6,3,35148
324,1,28,2,64,128,6,4,35190
325,1,28,2,64,128,6,5,35233
326,1,28,2,64,128,6,6,35276
327,1,28,2,64,128,6,7,35318
328,1,28,2,64,128,6,8,35361
329,1,28,2,64,128,7,2,35366
330,1,28,2,64,128,7,3,35409
331,1,28,2,64,128,7,4,35452
332,1,28,2,64,128,7,5,35494
333,1,28,2,64,128,7,6,35537
334,1,28,2,64,128,7,7,35580
335,1,28,2,64,128,7,8,35622
336,1,28,2,64,128,8,2,35628
337,1,28,2,64,128,8,3,35670
338,1,28,2,64,128,8,4,35713
339,1,28,2,64,128,8,5,35756
340,1,28,2,64,128,8,6,35798
341,1,28,2,64,128,8,7,35841
342,1,28,2,64,128,8,8,35884
343,3,7,2,256,512,2,2,21252
344,3,7,2,256,512,2,3,27396
345,3,7,2,256,512,2,4,33540
346,3,7,2,256,512,2,5,39684
347,3,7,2,256,512,2,6,45828
348,3,7,2,256,512,2,7,51972
349,3,7,2,256,512,2,8,58116
350,3,7,2,256,512,3,2,29915
351,3,7,2,256,512,3,3,36059
352,3,7,2,256,512,3,4,42203
353,3,7,2,256,512,3,5,57324
354,3,7,2,256,512,3,6,58574
355,3,7,2,256,512,3,7,60635
356,3,7,2,256,512,3,8,71916
357,3,7,2,256,512,4,2,30215
358,3,7,2,256,512,4,3,36359
359,3,7,2,256,512,4,4,42503
360,3,7,2,256,512,4,5,58284
361,3,7,2,256,512,4,6,58724
362,3,7,2,256,512,4,7,60935
363,3,7,2,256,512,4,8,76716
364,3,7,2,256,512,5,2,44652
365,3,7,2,256,512,5,3,57635
366,3,7,2,256,512,5,4,57351
367,3,7,2,256,512,5,5,113634
368,3,7,2,256,512,5,6,113658
369,3,7,2,256,512,5,7,113682
370,3,7,2,256,512,5,8,113706
371,3,7,2,256,512,6,2,47540
372,3,7,2,256,512,6,3,57710
373,3,7,2,256,512,6,4,59828
374,3,7,2,256,512,6,5,113652
375,3,7,2,256,512,6,6,113676
376,3,7,2,256,512,6,7,113700
377,3,7,2,256,512,6,8,113724
378,3,7,2,256,512,7,2,47840
379,3,7,2,256,512,7,3,57785
380,3,7,2,256,512,7,4,60128
381,3,7,2,256,512,7,5,113671
382,3,7,2,256,512,7,6,113695
383,3,7,2,256,512,7,7,113719
384,3,7,2,256,512,7,8,113743
385,3,7,2,256,512,8,2,48140
386,3,7,2,256,512,8,3,57860
387,3,7,2,256,512,8,4,60428
388,3,7,2,256,512,8,5,113690
389,3,7,2,256,512,8,6,113714
390,3,7,2,256,512,8,7,113738
391,3,7,2,256,512,8,8,113762
392,3,7,2,512,512,2,2,42503
393,3,7,2,512,512,2,3,54791
394,3,7,2,512,512,2,4,76716
395,3,7,2,512,512,2,5,89004
396,3,7,2,512,512,2,6,101292
397,3,7,2,512,512,2,7,113580
398,3,7,2,512,512,2,8,125868
399,3,7,2,512,512,3,2,59828
400,3,7,2,512,512,3,3,72116
401,3,7,2,512,512,3,4,84404
402,3,7,2,512,512,3,5,113772
403,3,7,2,512,512,3,6,113820
404,3,7,2,512,512,3,7,121268
405,3,7,2,512,512,3,8,135468
406,3,7,2,512,512,4,2,60428
407,3,7,2,512,512,4,3,72716
408,3,7,2,512,512,4,4,85004
409,3,7,2,512,512,4,5,113810
410,3,7,2,512,512,4,6,115172
411,3,7,2,512,512,4,7,121868
412,3,7,2,512,512,4,8,145068
413,3,7,2,512,512,5,2,80940
414,3,7,2,512,512,5,3,113751
415,3,7,2,512,512,5,4,113799
416,3,7,2,512,512,5,5,226530
417,3,7,2,512,512,5,6,226554
418,3,7,2,512,512,5,7,226578
419,3,7,2,512,512,5,8,226602
420,3,7,2,512,512,6,2,90540
421,3,7,2,512,512,6,3,113789
422,3,7,2,512,512,6,4,115116
423,3,7,2,512,512,6,5,226548
424,3,7,2,512,512,6,6,226572
425,3,7,2,512,512,6,7,226596
426,3,7,2,512,512,6,8,226620
427,3,7,2,512,512,7,2,95679
428,3,7,2,512,512,7,3,113826
429,3,7,2,512,512,7,4,120255
430,3,7,2,512,512,7,5,226567
431,3,7,2,512,512,7,6,226591
432,3,7,2,512,512,7,7,226615
433,3,7,2,512,512,7,8,226639
434,3,7,2,512,512,8,2,96279
435,3,7,2,512,512,8,3,114308
436,3,7,2,512,512,8,4,120855
437,3,7,2,512,512,8,5,226586
438,3,7,2,512,512,8,6,226610
439,3,7,2,512,512,8,7,226634
440,3,7,2,512,512,8,8,226658
441,7,112,2,3,64,2,2,1229666
442,7,112,2,3,64,2,3,1229751
443,7,112,2,3,64,2,4,1229837
444,7,112,2,3,64,2,5,1229815
445,7,112,2,3,64,2,6,1229879
446,7,112,2,3,64,2,7,1229943
447,7,112,2,3,64,2,8,1230007
448,7,112,2,3,64,3,2,1229739
449,7,112,2,3,64,3,3,1229760
450,7,112,2,3,64,3,4,1229824
451,7,112,2,3,64,3,5,1229835
452,7,112,2,3,64,3,6,1229888
453,7,112,2,3,64,3,7,1229942
454,7,112,2,3,64,3,8,1229995
455,7,112,2,3,64,4,2,1229810
456,7,112,2,3,64,4,3,1229831
457,7,112,2,3,64,4,4,1229895
458,7,112,2,3,64,4,5,1229906
459,7,112,2,3,64,4,6,1229959
460,7,112,2,3,64,4,7,1230013
461,7,112,2,3,64,4,8,1230066
462,7,112,2,3,64,5,2,1229838
463,7,112,2,3,64,5,3,1229870
464,7,112,2,3,64,5,4,1229924
465,7,112,2,3,64,5,5,1229977
466,7,112,2,3,64,5,6,1230030
467,7,112,2,3,64,5,7,1230084
468,7,112,2,3,64,5,8,1230137
469,7,112,2,3,64,6,2,1229909
470,7,112,2,3,64,6,3,1229941
471,7,112,2,3,64,6,4,1229994
472,7,112,2,3,64,6,5,1230048
473,7,112,2,3,64,6,6,1230101
474,7,112,2,3,64,6,7,1230154
475,7,112,2,3,64,6,8,1230208
476,7,112,2,3,64,7,2,1229980
477,7,112,2,3,64,7,3,1230012
478,7,112,2,3,64,7,4,1230065
479,7,112,2,3,64,7,5,1230119
480,7,112,2,3,64,7,6,1230172
481,7,112,2,3,64,7,7,1230225
482,7,112,2,3,64,7,8,1230279
483,7,112,2,3,64,8,2,1229458
484,7,112,2,3,64,8,3,1229490
485,7,112,2,3,64,8,4,1229543
486,7,112,2,3,64,8,5,1229597
487,7,112,2,3,64,8,6,1229650
488,7,112,2,3,64,8,7,1229703
489,7,112,2,3,64,8,8,1229757
490,3,13,1,192,384,2,2,41665
491,3,13,1,192,384,2,3,54658
492,3,13,1,192,384,2,4,57574
493,3,13,1,192,384,2,5,94113
494,3,13,1,192,384,2,6,97569
495,3,13,1,192,384,2,7,101025
496,3,13,1,192,384,2,8,104481
497,3,13,1,192,384,3,2,46369
498,3,13,1,192,384,3,3,65004
499,3,13,1,192,384,3,4,67138
500,3,13,1,192,384,3,5,110867
501,3,13,1,192,384,3,6,113011
502,3,13,1,192,384,3,7,116467
503,3,13,1,192,384,3,8,131138
504,3,13,1,192,384,4,2,51073
505,3,13,1,192,384,4,3,73090
506,3,13,1,192,384,4,4,76546
507,3,13,1,192,384,4,5,118681
508,3,13,1,192,384,4,6,122137
509,3,13,1,192,384,4,7,125593
510,3,13,1,192,384,4,8,140545
511,3,13,1,192,384,5,2,65814
512,3,13,1,192,384,5,3,111415
513,3,13,1,192,384,5,4,124351
514,3,13,1,192,384,5,5,219839
515,3,13,1,192,384,5,6,219935
516,3,13,1,192,384,5,7,220031
517,3,13,1,192,384,5,8,220127
518,3,13,1,192,384,6,2,65926
519,3,13,1,192,384,6,3,111454
520,3,13,1,192,384,6,4,128598
521,3,13,1,192,384,6,5,219878
522,3,13,1,192,384,6,6,219974
523,3,13,1,192,384,6,7,220070
524,3,13,1,192,384,6,8,220166
525,3,13,1,192,384,7,2,65366
526,3,13,1,192,384,7,3,111493
527,3,13,1,192,384,7,4,128572
528,3,13,1,192,384,7,5,219917
529,3,13,1,192,384,7,6,220013
530,3,13,1,192,384,7,7,220109
531,3,13,1,192,384,7,8,220310
532,3,13,1,192,384,8,2,69633
533,3,13,1,192,384,8,3,111770
534,3,13,1,192,384,8,4,128588
535,3,13,1,192,384,8,5,220081
536,3,13,1,192,384,8,6,220766
537,3,13,1,192,384,8,7,220958
538,3,13,1,192,384,8,8,230449
539,1,14,1,256,1024,2,2,70155
540,1,14,1,256,1024,2,3,71521
541,1,14,1,256,1024,2,4,72886
542,1,14,1,256,1024,2,5,74251
543,1,14,1,256,1024,2,6,75617
544,1,14,1,256,1024,2,7,76982
545,1,14,1,256,1024,2,8,78347
546,1,14,1,256,1024,3,2,71201
547,1,14,1,256,1024,3,3,74134
548,1,14,1,256,1024,3,4,75499
549,1,14,1,256,1024,3,5,80001
550,1,14,1,256,1024,3,6,81366
551,1,14,1,256,1024,3,7,82732
552,1,14,1,256,1024,3,8,84097
553,1,14,1,256,1024,4,2,71724
554,1,14,1,256,1024,4,3,75179
555,1,14,1,256,1024,4,4,76545
556,1,14,1,256,1024,4,5,82092
557,1,14,1,256,1024,4,6,83457
558,1,14,1,256,1024,4,7,84822
559,1,14,1,256,1024,4,8,86188
560,1,14,1,256,1024,5,2,72246
561,1,14,1,256,1024,5,3,76225
562,1,14,1,256,1024,5,4,77590
563,1,14,1,256,1024,5,5,101172
564,1,14,1,256,1024,5,6,101257
565,1,14,1,256,1024,5,7,101342
566,1,14,1,256,1024,5,8,101428
567,1,14,1,256,1024,6,2,72769
568,1,14,1,256,1024,6,3,77270
569,1,14,1,256,1024,6,4,78635
570,1,14,1,256,1024,6,5,101190
571,1,14,1,256,1024,6,6,101276
572,1,14,1,256,1024,6,7,101548
573,1,14,1,256,1024,6,8,102113
574,1,14,1,256,1024,7,2,73292
575,1,14,1,256,1024,7,3,78315
576,1,14,1,256,1024,7,4,79681
577,1,14,1,256,1024,7,5,101638
578,1,14,1,256,1024,7,6,101809
579,1,14,1,256,1024,7,7,101980
580,1,14,1,256,1024,7,8,102150
581,1,14,1,256,1024,8,2,73814
582,1,14,1,256,1024,8,3,79361
583,1,14,1,256,1024,8,4,80726
584,1,14,1,256,1024,8,5,101676
585,1,14,1,256,1024,8,6,101846
586,1,14,1,256,1024,8,7,102017
587,1,14,1,256,1024,8,8,102188
588,1,14,1,1024,256,2,2,23639
589,1,14,1,1024,256,2,3,29185
590,1,14,1,1024,256,2,4,30550
591,1,14,1,1024,256,2,5,40279
592,1,14,1,1024,256,2,6,41643
593,1,14,1,1024,256,2,7,43009
594,1,14,1,1024,256,2,8,44375
595,1,14,1,1024,256,3,2,25729
596,1,14,1,1024,256,3,3,33366
597,1,14,1,1024,256,3,4,34731
598,1,14,1,1024,256,3,5,51403
599,1,14,1,1024,256,3,6,51574
600,1,14,1,1024,256,3,7,51745
601,1,14,1,1024,256,3,8,52737
602,1,14,1,1024,256,4,2,27820
603,1,14,1,1024,256,4,3,37547
604,1,14,1,1024,256,4,4,38913
605,1,14,1,1024,256,4,5,57004
606,1,14,1,1024,256,4,6,58369
607,1,14,1,1024,256,4,7,59734
608,1,14,1,1024,256,4,8,61100
609,1,14,1,1024,256,5,2,29911
610,1,14,1,1024,256,5,3,51745
611,1,14,1,1024,256,5,4,52086
612,1,14,1,1024,256,5,5,100988
613,1,14,1,1024,256,5,6,100994
614,1,14,1,1024,256,5,7,101286
615,1,14,1,1024,256,5,8,101371
616,1,14,1,1024,256,6,2,32001
617,1,14,1,1024,256,6,3,51820
618,1,14,1,1024,256,6,4,52161
619,1,14,1,1024,256,6,5,100991
620,1,14,1,1024,256,6,6,100996
621,1,14,1,1024,256,6,7,101323
622,1,14,1,1024,256,6,8,101409
623,1,14,1,1024,256,7,2,34092
624,1,14,1,1024,256,7,3,51831
625,1,14,1,1024,256,7,4,52172
626,1,14,1,1024,256,7,5,100993
627,1,14,1,1024,256,7,6,101275
628,1,14,1,1024,256,7,7,101548
629,1,14,1,1024,256,7,8,102033
630,1,14,1,1024,256,8,2,36183
631,1,14,1,1024,256,8,3,54273
632,1,14,1,1024,256,8,4,55638
633,1,14,1,1024,256,8,5,100995
634,1,14,1,1024,256,8,6,101694
635,1,14,1,1024,256,8,7,101865
636,1,14,1,1024,256,8,8,102036
637,1,14,1,1024,512,2,2,47276
638,1,14,1,1024,512,2,3,58369
639,1,14,1,1024,512,2,4,61100
640,1,14,1,1024,512,2,5,80556
641,1,14,1,1024,512,2,6,83286
642,1,14,1,1024,512,2,7,86017
643,1,14,1,1024,512,2,8,88748
644,1,14,1,1024,512,3,2,51457
645,1,14,1,1024,512,3,3,66732
646,1,14,1,1024,512,3,4,69462
647,1,14,1,1024,512,3,5,101579
648,1,14,1,1024,512,3,6,101750
649,1,14,1,1024,512,3,7,102742
650,1,14,1,1024,512,3,8,105473
651,1,14,1,1024,512,4,2,55638
652,1,14,1,1024,512,4,3,75094
653,1,14,1,1024,512,4,4,77825
654,1,14,1,1024,512,4,5,114006
655,1,14,1,1024,512,4,6,116737
656,1,14,1,1024,512,4,7,119467
657,1,14,1,1024,512,4,8,122198
658,1,14,1,1024,512,5,2,59820
659,1,14,1,1024,512,5,3,101921
660,1,14,1,1024,512,5,4,102262
661,1,14,1,1024,512,5,5,201340
662,1,14,1,1024,512,5,6,201346
663,1,14,1,1024,512,5,7,201638
664,1,14,1,1024,512,5,8,201723
665,1,14,1,1024,512,6,2,64001
666,1,14,1,1024,512,6,3,101996
667,1,14,1,1024,512,6,4,102343
668,1,14,1,1024,512,6,5,201343
669,1,14,1,1024,512,6,6,201348
670,1,14,1,1024,512,6,7,201675
671,1,14,1,1024,512,6,8,201761
672,1,14,1,1024,512,7,2,68182
673,1,14,1,1024,512,7,3,102007
674,1,14,1,1024,512,7,4,102913
675,1,14,1,1024,512,7,5,201345
676,1,14,1,1024,512,7,6,201627
677,1,14,1,1024,512,7,7,202215
678,1,14,1,1024,512,7,8,202385
679,1,14,1,1024,512,8,2,72364
680,1,14,1,1024,512,8,3,108545
681,1,14,1,1024,512,8,4,111276
682,1,14,1,1024,512,8,5,201347
683,1,14,1,1024,512,8,6,202046
684,1,14,1,1024,512,8,7,202217
685,1,14,1,1024,512,8,8,202388
686,1,14,2,128,256,2,2,17670
687,1,14,2,128,256,2,3,17499
688,1,14,2,128,256,2,4,17670
689,1,14,2,128,256,2,5,17841
690,1,14,2,128,256,2,6,18011
691,1,14,2,128,256,2,7,18182
692,1,14,2,128,256,2,8,18353
693,1,14,2,128,256,3,2,17459
694,1,14,2,128,256,3,3,17630
695,1,14,2,128,256,3,4,17801
696,1,14,2,128,256,3,5,17971
697,1,14,2,128,256,3,6,18142
698,1,14,2,128,256,3,7,18313
699,1,14,2,128,256,3,8,18483
700,1,14,2,128,256,4,2,17590
701,1,14,2,128,256,4,3,17761
702,1,14,2,128,256,4,4,17931
703,1,14,2,128,256,4,5,18102
704,1,14,2,128,256,4,6,18273
705,1,14,2,128,256,4,7,18443
706,1,14,2,128,256,4,8,18614
707,1,14,2,128,256,5,2,17721
708,1,14,2,128,256,5,3,17891
709,1,14,2,128,256,5,4,18062
710,1,14,2,128,256,5,5,18233
711,1,14,2,128,256,5,6,18403
712,1,14,2,128,256,5,7,18574
713,1,14,2,128,256,5,8,18745
714,1,14,2,128,256,6,2,17851
715,1,14,2,128,256,6,3,18022
716,1,14,2,128,256,6,4,18193
717,1,14,2,128,256,6,5,18363
718,1,14,2,128,256,6,6,18534
719,1,14,2,128,256,6,7,18705
720,1,14,2,128,256,6,8,18875
721,1,14,2,128,256,7,2,17982
722,1,14,2,128,256,7,3,18153
723,1,14,2,128,256,7,4,18324
724,1,14,2,128,256,7,5,18494
725,1,14,2,128,256,7,6,18665
726,1,14,2,128,256,7,7,18836
727,1,14,2,128,256,7,8,19006
728,1,14,2,128,256,8,2,18113
729,1,14,2,128,256,8,3,18284
730,1,14,2,128,256,8,4,18454
731,1,14,2,128,256,8,5,18625
732,1,14,2,128,256,8,6,18796
733,1,14,2,128,256,8,7,18966
734,1,14,2,128,256,8,8,19137
735,11,55,4,3,64,2,2,732621
736,11,55,4,3,64,2,3,732664
737,11,55,4,3,64,2,4,732792
738,11,55,4,3,64,2,5,732920
739,11,55,4,3,64,2,6,733048
740,11,55,4,3,64,2,7,733176
741,11,55,4,3,64,2,8,733304
742,11,55,4,3,64,3,2,732640
743,11,55,4,3,64,3,3,732768
744,11,55,4,3,64,3,4,732896
745,11,55,4,3,64,3,5,733024
746,11,55,4,3,64,3,6,733152
747,11,55,4,3,64,3,7,733280
748,11,55,4,3,64,3,8,733408
749,11,55,4,3,64,4,2,732744
750,11,55,4,3,64,4,3,732872
751,11,55,4,3,64,4,4,733000
752,11,55,4,3,64,4,5,733128
753,11,55,4,3,64,4,6,733256
754,11,55,4,3,64,4,7,733384
755,11,55,4,3,64,4,8,733512
756,11,55,4,3,64,5,2,732848
757,11,55,4,3,64,5,3,732976
758,11,55,4,3,64,5,4,733104
759,11,55,4,3,64,5,5,733205
760,11,55,4,3,64,5,6,733328
761,11,55,4,3,64,5,7,733451
762,11,55,4,3,64,5,8,733573
763,11,55,4,3,64,6,2,732952
764,11,55,4,3,64,6,3,733080
765,11,55,4,3,64,6,4,733208
766,11,55,4,3,64,6,5,733309
767,11,55,4,3,64,6,6,733432
768,11,55,4,3,64,6,7,733555
769,11,55,4,3,64,6,8,733677
770,11,55,4,3,64,7,2,732341
771,11,55,4,3,64,7,3,732469
772,11,55,4,3,64,7,4,732597
773,11,55,4,3,64,7,5,732699
774,11,55,4,3,64,7,6,732821
775,11,55,4,3,64,7,7,732944
776,11,55,4,3,64,7,8,733067
777,11,55,4,3,64,8,2,732343
778,11,55,4,3,64,8,3,732471
779,11,55,4,3,64,8,4,732599
780,11,55,4,3,64,8,5,732701
781,11,55,4,3,64,8,6,732823
782,11,55,4,3,64,8,7,732946
783,11,55,4,3,64,8,8,733069
784,1,14,2,512,1024,2,2,76545
785,1,14,2,512,1024,2,3,83457
786,1,14,2,512,1024,2,4,86188
787,1,14,2,512,1024,2,5,97282
788,1,14,2,512,1024,2,6,100012
789,1,14,2,512,1024,2,7,102743
790,1,14,2,512,1024,2,8,105474
791,1,14,2,512,1024,3,2,78635
792,1,14,2,512,1024,3,3,87638
793,1,14,2,512,1024,3,4,90369
794,1,14,2,512,1024,3,5,105644
795,1,14,2,512,1024,3,6,108375
796,1,14,2,512,1024,3,7,111105
797,1,14,2,512,1024,3,8,113836
798,1,14,2,512,1024,4,2,80727
799,1,14,2,512,1024,4,3,91819
800,1,14,2,512,1024,4,4,94551
801,1,14,2,512,1024,4,5,114006
802,1,14,2,512,1024,4,6,116737
803,1,14,2,512,1024,4,7,119468
804,1,14,2,512,1024,4,8,122198
805,1,14,2,512,1024,5,2,82817
806,1,14,2,512,1024,5,3,102161
807,1,14,2,512,1024,5,4,102502
808,1,14,2,512,1024,5,5,201467
809,1,14,2,512,1024,5,6,201553
810,1,14,2,512,1024,5,7,201638
811,1,14,2,512,1024,5,8,201723
812,1,14,2,512,1024,6,2,84907
813,1,14,2,512,1024,6,3,102198
814,1,14,2,512,1024,6,4,102913
815,1,14,2,512,1024,6,5,201505
816,1,14,2,512,1024,6,6,201590
817,1,14,2,512,1024,6,7,201675
818,1,14,2,512,1024,6,8,201761
819,1,14,2,512,1024,7,2,86999
820,1,14,2,512,1024,7,3,104363
821,1,14,2,512,1024,7,4,107095
822,1,14,2,512,1024,7,5,201542
823,1,14,2,512,1024,7,6,201627
824,1,14,2,512,1024,7,7,202460
825,1,14,2,512,1024,7,8,202630
826,1,14,2,512,1024,8,2,89089
827,1,14,2,512,1024,8,3,108545
828,1,14,2,512,1024,8,4,111276
829,1,14,2,512,1024,8,5,202156
830,1,14,2,512,1024,8,6,202326
831,1,14,2,512,1024,8,7,202497
832,1,14,2,512,1024,8,8,202668
833,3,28,1,512,512,2,2,442711
834,3,28,1,512,512,2,3,454999
835,3,28,1,512,512,2,4,734892
836,3,28,1,512,512,2,5,904636
837,3,28,1,512,512,2,6,904828
838,3,28,1,512,512,2,7,905020
839,3,28,1,512,512,2,8,1319255
840,3,28,1,512,512,3,2,517975
841,3,28,1,512,512,3,3,904420
842,3,28,1,512,512,3,4,904612
843,3,28,1,512,512,3,5,1807240
844,3,28,1,512,512,3,6,1807334
845,3,28,1,512,512,3,7,1807382
846,3,28,1,512,512,3,8,1807528
847,3,28,1,512,512,4,2,593239
848,3,28,1,512,512,4,3,904588
849,3,28,1,512,512,4,4,904780
850,3,28,1,512,512,4,5,1807323
851,3,28,1,512,512,4,6,1807371
852,3,28,1,512,512,4,7,1807516
853,3,28,1,512,512,4,8,1807612
854,3,28,1,512,512,5,2,904075
855,3,28,1,512,512,5,3,1807204
856,3,28,1,512,512,5,4,1807312
857,3,28,1,512,512,5,5,3613197
858,3,28,1,512,512,5,6,3613342
859,3,28,1,512,512,5,7,3613390
860,3,28,1,512,512,5,8,3613438
861,3,28,1,512,512,6,2,904396
862,3,28,1,512,512,6,3,1807228
863,3,28,1,512,512,6,4,1807350
864,3,28,1,512,512,6,5,3613336
865,3,28,1,512,512,6,6,3613384
866,3,28,1,512,512,6,7,3613432
867,3,28,1,512,512,6,8,3613480
868,3,28,1,512,512,7,2,904444
869,3,28,1,512,512,7,3,1807252
870,3,28,1,512,512,7,4,1807387
871,3,28,1,512,512,7,5,3613378
872,3,28,1,512,512,7,6,3613426
873,3,28,1,512,512,7,7,3613474
874,3,28,1,512,512,7,8,3613522
875,3,28,1,512,512,8,2,904470
876,3,28,1,512,512,8,3,1807276
877,3,28,1,512,512,8,4,1807468
878,3,28,1,512,512,8,5,3613278
879,3,28,1,512,512,8,6,3613468
880,3,28,1,512,512,8,7,3613516
881,3,28,1,512,512,8,8,3613564
882,3,28,1,256,512,2,2,221356
883,3,28,1,256,512,2,3,227788
884,3,28,1,256,512,2,4,367447
885,3,28,1,256,512,2,5,453052
886,3,28,1,256,512,2,6,453244
887,3,28,1,256,512,2,7,453436
888,3,28,1,256,512,2,8,659628
889,3,28,1,256,512,3,2,258988
890,3,28,1,256,512,3,3,452836
891,3,28,1,256,512,3,4,453028
892,3,28,1,256,512,3,5,904072
893,3,28,1,256,512,3,6,904166
894,3,28,1,256,512,3,7,904264
895,3,28,1,256,512,3,8,904360
896,3,28,1,256,512,4,2,296620
897,3,28,1,256,512,4,3,453004
898,3,28,1,256,512,4,4,453196
899,3,28,1,256,512,4,5,904155
900,3,28,1,256,512,4,6,904252
901,3,28,1,256,512,4,7,904348
902,3,28,1,256,512,4,8,904444
903,3,28,1,256,512,5,2,452491
904,3,28,1,256,512,5,3,904036
905,3,28,1,256,512,5,4,904144
906,3,28,1,256,512,5,5,1806861
907,3,28,1,256,512,5,6,1807006
908,3,28,1,256,512,5,7,1807054
909,3,28,1,256,512,5,8,1807102
910,3,28,1,256,512,6,2,452812
911,3,28,1,256,512,6,3,904060
912,3,28,1,256,512,6,4,904182
913,3,28,1,256,512,6,5,1806916
914,3,28,1,256,512,6,6,1807048
915,3,28,1,256,512,6,7,1807096
916,3,28,1,256,512,6,8,1807144
917,3,28,1,256,512,7,2,452860
918,3,28,1,256,512,7,3,904084
919,3,28,1,256,512,7,4,904276
920,3,28,1,256,512,7,5,1806964
921,3,28,1,256,512,7,6,1807090
922,3,28,1,256,512,7,7,1807138
923,3,28,1,256,512,7,8,1807186
924,3,28,1,256,512,8,2,452886
925,3,28,1,256,512,8,3,904108
926,3,28,1,256,512,8,4,904300
927,3,28,1,256,512,8,5,1807012
928,3,28,1,256,512,8,6,1807132
929,3,28,1,256,512,8,7,1807180
930,3,28,1,256,512,8,8,1807228
931,3,28,1,128,128,2,2,39862
932,3,28,1,128,128,2,3,40460
933,3,28,1,128,128,2,4,45932
934,3,28,1,128,128,2,5,57916
935,3,28,1,128,128,2,6,58108
936,3,28,1,128,128,2,7,58300
937,3,28,1,128,128,2,8,82455
938,3,28,1,128,128,3,2,42044
939,3,28,1,128,128,3,3,57700
940,3,28,1,128,128,3,4,57892
941,3,28,1,128,128,3,5,113800
942,3,28,1,128,128,3,6,113896
943,3,28,1,128,128,3,7,113992
944,3,28,1,128,128,3,8,114088
945,3,28,1,128,128,4,2,44396
946,3,28,1,128,128,4,3,57868
947,3,28,1,128,128,4,4,58060
948,3,28,1,128,128,4,5,113884
949,3,28,1,128,128,4,6,113980
950,3,28,1,128,128,4,7,114076
951,3,28,1,128,128,4,8,114172
952,3,28,1,128,128,5,2,57355
953,3,28,1,128,128,5,3,113764
954,3,28,1,128,128,5,4,113872
955,3,28,1,128,128,5,5,226545
956,3,28,1,128,128,5,6,226641
957,3,28,1,128,128,5,7,226737
958,3,28,1,128,128,5,8,226558
959,3,28,1,128,128,6,2,57702
960,3,28,1,128,128,6,3,113788
961,3,28,1,128,128,6,4,113956
962,3,28,1,128,128,6,5,226582
963,3,28,1,128,128,6,6,226678
964,3,28,1,128,128,6,7,226774
965,3,28,1,128,128,6,8,226600
966,3,28,1,128,128,7,2,57726
967,3,28,1,128,128,7,3,113812
968,3,28,1,128,128,7,4,114004
969,3,28,1,128,128,7,5,226619
970,3,28,1,128,128,7,6,226715
971,3,28,1,128,128,7,7,226811
972,3,28,1,128,128,7,8,226642
973,3,28,1,128,128,8,2,57750
974,3,28,1,128,128,8,3,113836
975,3,28,1,128,128,8,4,114028
976,3,28,1,128,128,8,5,226657
977,3,28,1,128,128,8,6,226753
978,3,28,1,128,128,8,7,226849
979,3,28,1,128,128,8,8,226684
980,3,28,2,128,128,2,2,45742
981,3,28,2,128,128,2,3,46340
982,3,28,2,128,128,2,4,57692
983,3,28,2,128,128,2,5,58460
984,3,28,2,128,128,2,6,59228
985,3,28,2,128,128,2,7,59996
986,3,28,2,128,128,2,8,94215
987,3,28,2,128,128,3,2,50864
988,3,28,2,128,128,3,3,57736
989,3,28,2,128,128,3,4,68276
990,3,28,2,128,128,3,5,114115
991,3,28,2,128,128,3,6,114211
992,3,28,2,128,128,3,7,114307
993,3,28,2,128,128,3,8,114403
994,3,28,2,128,128,4,2,56156
995,3,28,2,128,128,4,3,58158
996,3,28,2,128,128,4,4,78860
997,3,28,2,128,128,4,5,113656
998,3,28,2,128,128,4,6,113847
999,3,28,2,128,128,4,7,114615
1000,3,28,2,128,128,4,8,115383
1001,3,28,2,128,128,5,2,61448
1002,3,28,2,128,128,5,3,113914
1003,3,28,2,128,128,5,4,114106
1004,3,28,2,128,128,5,5,226579
1005,3,28,2,128,128,5,6,226675
1006,3,28,2,128,128,5,7,226771
1007,3,28,2,128,128,5,8,226728
1008,3,28,2,128,128,6,2,66740
1009,3,28,2,128,128,6,3,113968
1010,3,28,2,128,128,6,4,113800
1011,3,28,2,128,128,6,5,226606
1012,3,28,2,128,128,6,6,226702
1013,3,28,2,128,128,6,7,226798
1014,3,28,2,128,128,6,8,226757
1015,3,28,2,128,128,7,2,72032
1016,3,28,2,128,128,7,3,114022
1017,3,28,2,128,128,7,4,114195
1018,3,28,2,128,128,7,5,226633
1019,3,28,2,128,128,7,6,226729
1020,3,28,2,128,128,7,7,226825
1021,3,28,2,128,128,7,8,226786
1022,3,28,2,128,128,8,2,77324
1023,3,28,2,128,128,8,3,114267
1024,3,28,2,128,128,8,4,114222
1025,3,28,2,128,128,8,5,226660
1026,3,28,2,128,128,8,6,226756
1027,3,28,2,128,128,8,7,226852
1028,3,28,2,128,128,8,8,226456
1029,1,56,1,64,256,2,2,270379
1030,1,56,1,64,256,2,3,270209
1031,1,56,1,64,256,2,4,270379
1032,1,56,1,64,256,2,5,270123
1033,1,56,1,64,256,2,6,270209
1034,1,56,1,64,256,2,7,270294
1035,1,56,1,64,256,2,8,270379
1036,1,56,1,64,256,3,2,271083
1037,1,56,1,64,256,3,3,270998
1038,1,56,1,64,256,3,4,271083
1039,1,56,1,64,256,3,5,271169
1040,1,56,1,64,256,3,6,271254
1041,1,56,1,64,256,3,7,271339
1042,1,56,1,64,256,3,8,271425
1043,1,56,1,64,256,4,2,272129
1044,1,56,1,64,256,4,3,272043
1045,1,56,1,64,256,4,4,272129
1046,1,56,1,64,256,4,5,272214
1047,1,56,1,64,256,4,6,272299
1048,1,56,1,64,256,4,7,272385
1049,1,56,1,64,256,4,8,272470
1050,1,56,1,64,256,5,2,273003
1051,1,56,1,64,256,5,3,273089
1052,1,56,1,64,256,5,4,273174
1053,1,56,1,64,256,5,5,273259
1054,1,56,1,64,256,5,6,273345
1055,1,56,1,64,256,5,7,273430
1056,1,56,1,64,256,5,8,273515
1057,1,56,1,64,256,6,2,274049
1058,1,56,1,64,256,6,3,274134
1059,1,56,1,64,256,6,4,274219
1060,1,56,1,64,256,6,5,274305
1061,1,56,1,64,256,6,6,274390
1062,1,56,1,64,256,6,7,274475
1063,1,56,1,64,256,6,8,274561
1064,1,56,1,64,256,7,2,275094
1065,1,56,1,64,256,7,3,275179
1066,1,56,1,64,256,7,4,275265
1067,1,56,1,64,256,7,5,275350
1068,1,56,1,64,256,7,6,275435
1069,1,56,1,64,256,7,7,275521
1070,1,56,1,64,256,7,8,275606
1071,1,56,1,64,256,8,2,276139
1072,1,56,1,64,256,8,3,276225
1073,1,56,1,64,256,8,4,276310
1074,1,56,1,64,256,8,5,276395
1075,1,56,1,64,256,8,6,276481
1076,1,56,1,64,256,8,7,276566
1077,1,56,1,64,256,8,8,276651
1078,1,56,1,256,64,2,2,75435
1079,1,56,1,256,64,2,3,75521
1080,1,56,1,256,64,2,4,75606
1081,1,56,1,256,64,2,5,75691
1082,1,56,1,256,64,2,6,75777
1083,1,56,1,256,64,2,7,75862
1084,1,56,1,256,64,2,8,75947
1085,1,56,1,256,64,3,2,79617
1086,1,56,1,256,64,3,3,79702
1087,1,56,1,256,64,3,4,79787
1088,1,56,1,256,64,3,5,79873
1089,1,56,1,256,64,3,6,79958
1090,1,56,1,256,64,3,7,80043
1091,1,56,1,256,64,3,8,80129
1092,1,56,1,256,64,4,2,83798
1093,1,56,1,256,64,4,3,83883
1094,1,56,1,256,64,4,4,83969
1095,1,56,1,256,64,4,5,84054
1096,1,56,1,256,64,4,6,84139
1097,1,56,1,256,64,4,7,84225
1098,1,56,1,256,64,4,8,84310
1099,1,56,1,256,64,5,2,87979
1100,1,56,1,256,64,5,3,88065
1101,1,56,1,256,64,5,4,88150
1102,1,56,1,256,64,5,5,100891
1103,1,56,1,256,64,5,6,100977
1104,1,56,1,256,64,5,7,101062
1105,1,56,1,256,64,5,8,101147
1106,1,56,1,256,64,6,2,92161
1107,1,56,1,256,64,6,3,92246
1108,1,56,1,256,64,6,4,92331
1109,1,56,1,256,64,6,5,100897
1110,1,56,1,256,64,6,6,100982
1111,1,56,1,256,64,6,7,101067
1112,1,56,1,256,64,6,8,101153
1113,1,56,1,256,64,7,2,96342
1114,1,56,1,256,64,7,3,96427
1115,1,56,1,256,64,7,4,96513
1116,1,56,1,256,64,7,5,100902
1117,1,56,1,256,64,7,6,100987
1118,1,56,1,256,64,7,7,101073
1119,1,56,1,256,64,7,8,101158
1120,1,56,1,256,64,8,2,100523
1121,1,56,1,256,64,8,3,100609
1122,1,56,1,256,64,8,4,100694
1123,1,56,1,256,64,8,5,100907
1124,1,56,1,256,64,8,6,100993
1125,1,56,1,256,64,8,7,101078
1126,1,56,1,256,64,8,8,101163
1127,3,112,1,64,128,2,2,549302
1128,3,112,1,64,128,2,3,549558
1129,3,112,1,64,128,2,4,574550
1130,3,112,1,64,128,2,5,574764
1131,3,112,1,64,128,2,6,575148
1132,3,112,1,64,128,2,7,575532
1133,3,112,1,64,128,2,8,590550
1134,3,112,1,64,128,3,2,555665
1135,3,112,1,64,128,3,3,555964
1136,3,112,1,64,128,3,4,593196
1137,3,112,1,64,128,3,5,903708
1138,3,112,1,64,128,3,6,903804
1139,3,112,1,64,128,3,7,903900
1140,3,112,1,64,128,3,8,903996
1141,3,112,1,64,128,4,2,562198
1142,3,112,1,64,128,4,3,562497
1143,3,112,1,64,128,4,4,612012
1144,3,112,1,64,128,4,5,903713
1145,3,112,1,64,128,4,6,903809
1146,3,112,1,64,128,4,7,903905
1147,3,112,1,64,128,4,8,904001
1148,3,112,1,64,128,5,2,568646
1149,3,112,1,64,128,5,3,904379
1150,3,112,1,64,128,5,4,903622
1151,3,112,1,64,128,5,5,1806843
1152,3,112,1,64,128,5,6,1806939
1153,3,112,1,64,128,5,7,1807035
1154,3,112,1,64,128,5,8,1806777
1155,3,112,1,64,128,6,2,575180
1156,3,112,1,64,128,6,3,904382
1157,3,112,1,64,128,6,4,903796
1158,3,112,1,64,128,6,5,1806846
1159,3,112,1,64,128,6,6,1806942
1160,3,112,1,64,128,6,7,1807038
1161,3,112,1,64,128,6,8,1806780
1162,3,112,1,64,128,7,2,581713
1163,3,112,1,64,128,7,3,904385
1164,3,112,1,64,128,7,4,903808
1165,3,112,1,64,128,7,5,1806849
1166,3,112,1,64,128,7,6,1806945
1167,3,112,1,64,128,7,7,1807041
1168,3,112,1,64,128,7,8,1806782
1169,3,112,1,64,128,8,2,588246
1170,3,112,1,64,128,8,3,904388
1171,3,112,1,64,128,8,4,903820
1172,3,112,1,64,128,8,5,1806852
1173,3,112,1,64,128,8,6,1806948
1174,3,112,1,64,128,8,7,1807044
1175,3,112,1,64,128,8,8,1806785
1176,1,28,2,256,512,2,2,137260
1177,1,28,2,256,512,2,3,140033
1178,1,28,2,256,512,2,4,140716
1179,1,28,2,256,512,2,5,145580
1180,1,28,2,256,512,2,6,146262
1181,1,28,2,256,512,2,7,146945
1182,1,28,2,256,512,2,8,147628
1183,1,28,2,256,512,3,2,138305
1184,1,28,2,256,512,3,3,142124
1185,1,28,2,256,512,3,4,142806
1186,1,28,2,256,512,3,5,149761
1187,1,28,2,256,512,3,6,150444
1188,1,28,2,256,512,3,7,151126
1189,1,28,2,256,512,3,8,151809
1190,1,28,2,256,512,4,2,139350
1191,1,28,2,256,512,4,3,144214
1192,1,28,2,256,512,4,4,144897
1193,1,28,2,256,512,4,5,153942
1194,1,28,2,256,512,4,6,154625
1195,1,28,2,256,512,4,7,155308
1196,1,28,2,256,512,4,8,155990
1197,1,28,2,256,512,5,2,140396
1198,1,28,2,256,512,5,3,146305
1199,1,28,2,256,512,5,4,146988
1200,1,28,2,256,512,5,5,201788
1201,1,28,2,256,512,5,6,201958
1202,1,28,2,256,512,5,7,202086
1203,1,28,2,256,512,5,8,202171
1204,1,28,2,256,512,6,2,141441
1205,1,28,2,256,512,6,3,148396
1206,1,28,2,256,512,6,4,149078
1207,1,28,2,256,512,6,5,201801
1208,1,28,2,256,512,6,6,201972
1209,1,28,2,256,512,6,7,202123
1210,1,28,2,256,512,6,8,202209
1211,1,28,2,256,512,7,2,142486
1212,1,28,2,256,512,7,3,150486
1213,1,28,2,256,512,7,4,151169
1214,1,28,2,256,512,7,5,201862
1215,1,28,2,256,512,7,6,202033
1216,1,28,2,256,512,7,7,202161
1217,1,28,2,256,512,7,8,202246
1218,1,28,2,256,512,8,2,143532
1219,1,28,2,256,512,8,3,152577
1220,1,28,2,256,512,8,4,153260
1221,1,28,2,256,512,8,5,201900
1222,1,28,2,256,512,8,6,202070
1223,1,28,2,256,512,8,7,202241
1224,1,28,2,256,512,8,8,202412
1225,3,56,1,64,64,2,2,70681
1226,3,56,1,64,64,2,3,70809
1227,3,56,1,64,64,2,4,71023
1228,3,56,1,64,64,2,5,71129
1229,3,56,1,64,64,2,6,71321
1230,3,56,1,64,64,2,7,71513
1231,3,56,1,64,64,2,8,74972
1232,3,56,1,64,64,3,2,72229
1233,3,56,1,64,64,3,3,72379
1234,3,56,1,64,64,3,4,72571
1235,3,56,1,64,64,3,5,114348
1236,3,56,1,64,64,3,6,114540
1237,3,56,1,64,64,3,7,114732
1238,3,56,1,64,64,3,8,114156
1239,3,56,1,64,64,4,2,73863
1240,3,56,1,64,64,4,3,74012
1241,3,56,1,64,64,4,4,74204
1242,3,56,1,64,64,4,5,114497
1243,3,56,1,64,64,4,6,114689
1244,3,56,1,64,64,4,7,114881
1245,3,56,1,64,64,4,8,114305
1246,3,56,1,64,64,5,2,75453
1247,3,56,1,64,64,5,3,113542
1248,3,56,1,64,64,5,4,113734
1249,3,56,1,64,64,5,5,226789
1250,3,56,1,64,64,5,6,226981
1251,3,56,1,64,64,5,7,227173
1252,3,56,1,64,64,5,8,226630
1253,3,56,1,64,64,6,2,77087
1254,3,56,1,64,64,6,3,113590
1255,3,56,1,64,64,6,4,113782
1256,3,56,1,64,64,6,5,226792
1257,3,56,1,64,64,6,6,226984
1258,3,56,1,64,64,6,7,227176
1259,3,56,1,64,64,6,8,226636
1260,3,56,1,64,64,7,2,78720
1261,3,56,1,64,64,7,3,113595
1262,3,56,1,64,64,7,4,113787
1263,3,56,1,64,64,7,5,226795
1264,3,56,1,64,64,7,6,226987
1265,3,56,1,64,64,7,7,227179
1266,3,56,1,64,64,7,8,226641
1267,3,56,1,64,64,8,2,80353
1268,3,56,1,64,64,8,3,113601
1269,3,56,1,64,64,8,4,113793
1270,3,56,1,64,64,8,5,226798
1271,3,56,1,64,64,8,6,226990
1272,3,56,1,64,64,8,7,227182
1273,3,56,1,64,64,8,8,226646
1274,3,56,1,128,256,2,2,308651
1275,3,56,1,128,256,2,3,309846
1276,3,56,1,128,256,2,4,326017
1277,3,56,1,128,256,2,5,453185
1278,3,56,1,128,256,2,6,453377
1279,3,56,1,128,256,2,7,453569
1280,3,56,1,128,256,2,8,599766
1281,3,56,1,128,256,3,2,327126
1282,3,56,1,128,256,3,3,452404
1283,3,56,1,128,256,3,4,452596
1284,3,56,1,128,256,3,5,904140
1285,3,56,1,128,256,3,6,904236
1286,3,56,1,128,256,3,7,904332
1287,3,56,1,128,256,3,8,904428
1288,3,56,1,128,256,4,2,345942
1289,3,56,1,128,256,4,3,452428
1290,3,56,1,128,256,4,4,452620
1291,3,56,1,128,256,4,5,904214
1292,3,56,1,128,256,4,6,904385
1293,3,56,1,128,256,4,7,904481
1294,3,56,1,128,256,4,8,904502
1295,3,56,1,128,256,5,2,452491
1296,3,56,1,128,256,5,3,903526
1297,3,56,1,128,256,5,4,903622
1298,3,56,1,128,256,5,5,1806886
1299,3,56,1,128,256,5,6,1806982
1300,3,56,1,128,256,5,7,1807078
1301,3,56,1,128,256,5,8,1807137
1302,3,56,1,128,256,6,2,452838
1303,3,56,1,128,256,6,3,903700
1304,3,56,1,128,256,6,4,903796
1305,3,56,1,128,256,6,5,1806892
1306,3,56,1,128,256,6,6,1806988
1307,3,56,1,128,256,6,7,1807084
1308,3,56,1,128,256,6,8,1807180
1309,3,56,1,128,256,7,2,452862
1310,3,56,1,128,256,7,3,903712
1311,3,56,1,128,256,7,4,903808
1312,3,56,1,128,256,7,5,1806897
1313,3,56,1,128,256,7,6,1806993
1314,3,56,1,128,256,7,7,1807089
1315,3,56,1,128,256,7,8,1807185
1316,3,56,1,128,256,8,2,452886
1317,3,56,1,128,256,8,3,903724
1318,3,56,1,128,256,8,4,903820
1319,3,56,1,128,256,8,5,1806902
1320,3,56,1,128,256,8,6,1806998
1321,3,56,1,128,256,8,7,1807094
1322,3,56,1,128,256,8,8,1807190
1323,3,56,1,256,256,2,2,378284
1324,3,56,1,256,256,2,3,453004
1325,3,56,1,256,256,2,4,652033
1326,3,56,1,256,256,2,5,904769
1327,3,56,1,256,256,2,6,904961
1328,3,56,1,256,256,2,7,905153
1329,3,56,1,256,256,2,8,1199532
1330,3,56,1,256,256,3,2,453436
1331,3,56,1,256,256,3,3,903988
1332,3,56,1,256,256,3,4,904180
1333,3,56,1,256,256,3,5,1807308
1334,3,56,1,256,256,3,6,1807404
1335,3,56,1,256,256,3,7,1807500
1336,3,56,1,256,256,3,8,1807596
1337,3,56,1,256,256,4,2,482817
1338,3,56,1,256,256,4,3,904012
1339,3,56,1,256,256,4,4,904204
1340,3,56,1,256,256,4,5,1807382
1341,3,56,1,256,256,4,6,1807553
1342,3,56,1,256,256,4,7,1807649
1343,3,56,1,256,256,4,8,1807745
1344,3,56,1,256,256,5,2,904075
1345,3,56,1,256,256,5,3,1806694
1346,3,56,1,256,256,5,4,1806790
1347,3,56,1,256,256,5,5,3613204
1348,3,56,1,256,256,5,6,3613318
1349,3,56,1,256,256,5,7,3613414
1350,3,56,1,256,256,5,8,3613473
1351,3,56,1,256,256,6,2,904396
1352,3,56,1,256,256,6,3,1806868
1353,3,56,1,256,256,6,4,1806964
1354,3,56,1,256,256,6,5,3613228
1355,3,56,1,256,256,6,6,3613324
1356,3,56,1,256,256,6,7,3613420
1357,3,56,1,256,256,6,8,3613516
1358,3,56,1,256,256,7,2,904444
1359,3,56,1,256,256,7,3,1806880
1360,3,56,1,256,256,7,4,1806976
1361,3,56,1,256,256,7,5,3613233
1362,3,56,1,256,256,7,6,3613329
1363,3,56,1,256,256,7,7,3613425
1364,3,56,1,256,256,7,8,3613521
1365,3,56,1,256,256,8,2,904470
1366,3,56,1,256,256,8,3,1806892
1367,3,56,1,256,256,8,4,1806988
1368,3,56,1,256,256,8,5,3613238
1369,3,56,1,256,256,8,6,3613334
1370,3,56,1,256,256,8,7,3613430
1371,3,56,1,256,256,8,8,3613526
1372,1,7,2,256,512,2,2,9860
1373,1,7,2,256,512,2,3,10542
1374,1,7,2,256,512,2,4,11225
1375,1,7,2,256,512,2,5,11907
1376,1,7,2,256,512,2,6,12590
1377,1,7,2,256,512,2,7,13273
1378,1,7,2,256,512,2,8,13955
1379,1,7,2,256,512,3,2,9925
1380,1,7,2,256,512,3,3,10608
1381,1,7,2,256,512,3,4,11290
1382,1,7,2,256,512,3,5,11973
1383,1,7,2,256,512,3,6,12656
1384,1,7,2,256,512,3,7,13338
1385,1,7,2,256,512,3,8,14021
1386,1,7,2,256,512,4,2,9990
1387,1,7,2,256,512,4,3,10673
1388,1,7,2,256,512,4,4,11356
1389,1,7,2,256,512,4,5,12038
1390,1,7,2,256,512,4,6,12721
1391,1,7,2,256,512,4,7,13404
1392,1,7,2,256,512,4,8,14086
1393,1,7,2,256,512,5,2,10056
1394,1,7,2,256,512,5,3,10738
1395,1,7,2,256,512,5,4,11421
1396,1,7,2,256,512,5,5,13447
1397,1,7,2,256,512,5,6,13533
1398,1,7,2,256,512,5,7,13618
1399,1,7,2,256,512,5,8,14151
1400,1,7,2,256,512,6,2,10121
1401,1,7,2,256,512,6,3,10804
1402,1,7,2,256,512,6,4,11486
1403,1,7,2,256,512,6,5,13513
1404,1,7,2,256,512,6,6,13598
1405,1,7,2,256,512,6,7,13683
1406,1,7,2,256,512,6,8,14217
1407,1,7,2,256,512,7,2,10186
1408,1,7,2,256,512,7,3,10869
1409,1,7,2,256,512,7,4,11552
1410,1,7,2,256,512,7,5,13578
1411,1,7,2,256,512,7,6,13663
1412,1,7,2,256,512,7,7,13749
1413,1,7,2,256,512,7,8,14282
1414,1,7,2,256,512,8,2,10252
1415,1,7,2,256,512,8,3,10934
1416,1,7,2,256,512,8,4,11617
1417,1,7,2,256,512,8,5,13643
1418,1,7,2,256,512,8,6,13729
1419,1,7,2,256,512,8,7,13814
1420,1,7,2,256,512,8,8,14347
1421,1,7,2,1024,2048,2,2,55819
1422,1,7,2,1024,2048,2,3,66742
1423,1,7,2,1024,2048,2,4,77665
1424,1,7,2,1024,2048,2,5,88588
1425,1,7,2,1024,2048,2,6,99510
1426,1,7,2,1024,2048,2,7,110433
1427,1,7,2,1024,2048,2,8,121356
1428,1,7,2,1024,2048,3,2,67841
1429,1,7,2,1024,2048,3,3,91308
1430,1,7,2,1024,2048,3,4,102230
1431,1,7,2,1024,2048,3,5,122299
1432,1,7,2,1024,2048,3,6,133222
1433,1,7,2,1024,2048,3,7,144145
1434,1,7,2,1024,2048,3,8,155067
1435,1,7,2,1024,2048,4,2,72022
1436,1,7,2,1024,2048,4,3,99670
1437,1,7,2,1024,2048,4,4,110593
1438,1,7,2,1024,2048,4,5,122561
1439,1,7,2,1024,2048,4,6,133484
1440,1,7,2,1024,2048,4,7,144406
1441,1,7,2,1024,2048,4,8,155329
1442,1,7,2,1024,2048,5,2,76204
1443,1,7,2,1024,2048,5,3,101667
1444,1,7,2,1024,2048,5,4,111900
1445,1,7,2,1024,2048,5,5,201607
1446,1,7,2,1024,2048,5,6,201693
1447,1,7,2,1024,2048,5,7,202443
1448,1,7,2,1024,2048,5,8,202564
1449,1,7,2,1024,2048,6,2,80385
1450,1,7,2,1024,2048,6,3,116396
1451,1,7,2,1024,2048,6,4,127318
1452,1,7,2,1024,2048,6,5,201673
1453,1,7,2,1024,2048,6,6,201758
1454,1,7,2,1024,2048,6,7,202161
1455,1,7,2,1024,2048,6,8,204459
1456,1,7,2,1024,2048,7,2,84566
1457,1,7,2,1024,2048,7,3,124758
1458,1,7,2,1024,2048,7,4,135681
1459,1,7,2,1024,2048,7,5,201738
1460,1,7,2,1024,2048,7,6,201823
1461,1,7,2,1024,2048,7,7,202179
1462,1,7,2,1024,2048,7,8,212822
1463,1,7,2,1024,2048,8,2,88748
1464,1,7,2,1024,2048,8,3,133121
1465,1,7,2,1024,2048,8,4,144044
1466,1,7,2,1024,2048,8,5,201803
1467,1,7,2,1024,2048,8,6,201889
1468,1,7,2,1024,2048,8,7,210262
1469,1,7,2,1024,2048,8,8,221185
1470,3,14,2,128,256,2,2,26673
1471,3,14,2,128,256,2,3,27867
1472,3,14,2,128,256,2,4,35937
1473,3,14,2,128,256,2,5,37473
1474,3,14,2,128,256,2,6,39009
1475,3,14,2,128,256,2,7,40545
1476,3,14,2,128,256,2,8,58806
1477,3,14,2,128,256,3,2,29598
1478,3,14,2,128,256,3,3,31134
1479,3,14,2,128,256,3,4,42471
1480,3,14,2,128,256,3,5,57810
1481,3,14,2,128,256,3,6,58002
1482,3,14,2,128,256,3,7,58194
1483,3,14,2,128,256,3,8,65340
1484,3,14,2,128,256,4,2,32865
1485,3,14,2,128,256,4,3,34401
1486,3,14,2,128,256,4,4,49004
1487,3,14,2,128,256,4,5,58174
1488,3,14,2,128,256,4,6,58366
1489,3,14,2,128,256,4,7,58558
1490,3,14,2,128,256,4,8,71873
1491,3,14,2,128,256,5,2,36131
1492,3,14,2,128,256,5,3,57907
1493,3,14,2,128,256,5,4,58099
1494,3,14,2,128,256,5,5,113582
1495,3,14,2,128,256,5,6,113630
1496,3,14,2,128,256,5,7,113678
1497,3,14,2,128,256,5,8,113726
1498,3,14,2,128,256,6,2,39398
1499,3,14,2,128,256,6,3,57972
1500,3,14,2,128,256,6,4,59196
1501,3,14,2,128,256,6,5,113778
1502,3,14,2,128,256,6,6,113870
1503,3,14,2,128,256,6,7,113918
1504,3,14,2,128,256,6,8,114066
1505,3,14,2,128,256,7,2,42665
1506,3,14,2,128,256,7,3,58180
1507,3,14,2,128,256,7,4,62462
1508,3,14,2,128,256,7,5,113820
1509,3,14,2,128,256,7,6,113884
1510,3,14,2,128,256,7,7,114012
1511,3,14,2,128,256,7,8,114108
1512,3,14,2,128,256,8,2,45931
1513,3,14,2,128,256,8,3,58238
1514,3,14,2,128,256,8,4,65729
1515,3,14,2,128,256,8,5,113844
1516,3,14,2,128,256,8,6,113899
1517,3,14,2,128,256,8,7,114334
1518,3,14,2,128,256,8,8,114430
1519,3,32,1,128,128,2,2,51542
1520,3,32,1,128,128,2,3,52140
1521,3,32,1,128,128,2,4,55297
1522,3,32,1,128,128,2,5,75244
1523,3,32,1,128,128,2,6,75436
1524,3,32,1,128,128,2,7,75628
1525,3,32,1,128,128,2,8,102060
1526,3,32,1,128,128,3,2,54444
1527,3,32,1,128,128,3,3,75052
1528,3,32,1,128,128,3,4,75244
1529,3,32,1,128,128,3,5,148396
1530,3,32,1,128,128,3,6,148492
1531,3,32,1,128,128,3,7,148588
1532,3,32,1,128,128,3,8,148684
1533,3,32,1,128,128,4,2,57516
1534,3,32,1,128,128,4,3,74572
1535,3,32,1,128,128,4,4,74764
1536,3,32,1,128,128,4,5,148492
1537,3,32,1,128,128,4,6,148588
1538,3,32,1,128,128,4,7,148684
1539,3,32,1,128,128,4,8,148780
1540,3,32,1,128,128,5,2,74635
1541,3,32,1,128,128,5,3,148324
1542,3,32,1,128,128,5,4,148492
1543,3,32,1,128,128,5,5,295691
1544,3,32,1,128,128,5,6,295787
1545,3,32,1,128,128,5,7,295883
1546,3,32,1,128,128,5,8,295708
1547,3,32,1,128,128,6,2,74982
1548,3,32,1,128,128,6,3,148348
1549,3,32,1,128,128,6,4,148540
1550,3,32,1,128,128,6,5,295734
1551,3,32,1,128,128,6,6,295830
1552,3,32,1,128,128,6,7,295926
1553,3,32,1,128,128,6,8,295756
1554,3,32,1,128,128,7,2,75006
1555,3,32,1,128,128,7,3,148372
1556,3,32,1,128,128,7,4,148564
1557,3,32,1,128,128,7,5,295777
1558,3,32,1,128,128,7,6,295873
1559,3,32,1,128,128,7,7,295969
1560,3,32,1,128,128,7,8,295804
1561,3,32,1,128,128,8,2,75030
1562,3,32,1,128,128,8,3,148300
1563,3,32,1,128,128,8,4,148108
1564,3,32,1,128,128,8,5,295660
1565,3,32,1,128,128,8,6,295756
1566,3,32,1,128,128,8,7,295852
1567,3,32,1,128,128,8,8,295852
1568,5,27,1,64,192,2,2,111571
1569,5,27,1,64,192,2,3,118902
1570,5,27,1,64,192,2,4,119180
1571,5,27,1,64,192,2,5,119404
1572,5,27,1,64,192,2,6,220045
1573,5,27,1,64,192,2,7,220184
1574,5,27,1,64,192,2,8,220323
1575,5,27,1,64,192,3,2,111711
1576,5,27,1,64,192,3,3,119020
1577,5,27,1,64,192,3,4,119286
1578,5,27,1,64,192,3,5,219993
1579,5,27,1,64,192,3,6,220126
1580,5,27,1,64,192,3,7,220259
1581,5,27,1,64,192,3,8,220393
1582,5,27,1,64,192,4,2,118924
1583,5,27,1,64,192,4,3,119169
1584,5,27,1,64,192,4,4,119436
1585,5,27,1,64,192,4,5,220355
1586,5,27,1,64,192,4,6,236470
1587,5,27,1,64,192,4,7,236604
1588,5,27,1,64,192,4,8,236737
1589,5,27,1,64,192,5,2,118412
1590,5,27,1,64,192,5,3,220639
1591,5,27,1,64,192,5,4,220906
1592,5,27,1,64,192,5,5,438303
1593,5,27,1,64,192,5,6,438370
1594,5,27,1,64,192,5,7,438436
1595,5,27,1,64,192,5,8,438503
1596,5,27,1,64,192,6,2,118433
1597,5,27,1,64,192,6,3,220751
1598,5,27,1,64,192,6,4,221018
1599,5,27,1,64,192,6,5,438359
1600,5,27,1,64,192,6,6,438426
1601,5,27,1,64,192,6,7,438493
1602,5,27,1,64,192,6,8,438559
1603,5,27,1,64,192,7,2,118454
1604,5,27,1,64,192,7,3,225688
1605,5,27,1,64,192,7,4,227288
1606,5,27,1,64,192,7,5,438384
1607,5,27,1,64,192,7,6,438518
1608,5,27,1,64,192,7,7,438651
1609,5,27,1,64,192,7,8,438784
1610,5,27,1,64,192,8,2,118476
1611,5,27,1,64,192,8,3,236342
1612,5,27,1,64,192,8,4,236502
1613,5,27,1,64,192,8,5,438388
1614,5,27,1,64,192,8,6,438522
1615,5,27,1,64,192,8,7,438655
1616,5,27,1,64,192,8,8,438788
1617,3,14,2,256,256,2,2,49004
1618,3,14,2,256,256,2,3,52076
1619,3,14,2,256,256,2,4,71873
1620,3,14,2,256,256,2,5,74945
1621,3,14,2,256,256,2,6,78017
1622,3,14,2,256,256,2,7,81089
1623,3,14,2,256,256,2,8,117612
1624,3,14,2,256,256,3,2,59196
1625,3,14,2,256,256,3,3,62268
1626,3,14,2,256,256,3,4,84940
1627,3,14,2,256,256,3,5,114258
1628,3,14,2,256,256,3,6,114450
1629,3,14,2,256,256,3,7,114642
1630,3,14,2,256,256,3,8,130679
1631,3,14,2,256,256,4,2,65729
1632,3,14,2,256,256,4,3,68801
1633,3,14,2,256,256,4,4,98006
1634,3,14,2,256,256,4,5,114622
1635,3,14,2,256,256,4,6,114814
1636,3,14,2,256,256,4,7,115006
1637,3,14,2,256,256,4,8,143745
1638,3,14,2,256,256,5,2,72262
1639,3,14,2,256,256,5,3,113928
1640,3,14,2,256,256,5,4,114547
1641,3,14,2,256,256,5,5,226285
1642,3,14,2,256,256,5,6,226309
1643,3,14,2,256,256,5,7,226574
1644,3,14,2,256,256,5,8,226622
1645,3,14,2,256,256,6,2,78796
1646,3,14,2,256,256,6,3,114448
1647,3,14,2,256,256,6,4,118390
1648,3,14,2,256,256,6,5,226299
1649,3,14,2,256,256,6,6,226323
1650,3,14,2,256,256,6,7,226814
1651,3,14,2,256,256,6,8,226962
1652,3,14,2,256,256,7,2,85329
1653,3,14,2,256,256,7,3,114628
1654,3,14,2,256,256,7,4,124923
1655,3,14,2,256,256,7,5,226314
1656,3,14,2,256,256,7,6,226780
1657,3,14,2,256,256,7,7,226828
1658,3,14,2,256,256,7,8,227004
1659,3,14,2,256,256,8,2,91862
1660,3,14,2,256,256,8,3,114686
1661,3,14,2,256,256,8,4,131457
1662,3,14,2,256,256,8,5,226740
1663,3,14,2,256,256,8,6,226795
1664,3,14,2,256,256,8,7,226843
1665,3,14,2,256,256,8,8,227326
1666,1,7,1,512,2048,2,2,44636
1667,1,7,1,512,2048,2,3,50097
1668,1,7,1,512,2048,2,4,55558
1669,1,7,1,512,2048,2,5,61020
1670,1,7,1,512,2048,2,6,66481
1671,1,7,1,512,2048,2,7,71942
1672,1,7,1,512,2048,2,8,77404
1673,1,7,1,512,2048,3,2,44766
1674,1,7,1,512,2048,3,3,50228
1675,1,7,1,512,2048,3,4,55689
1676,1,7,1,512,2048,3,5,61150
1677,1,7,1,512,2048,3,6,66612
1678,1,7,1,512,2048,3,7,72073
1679,1,7,1,512,2048,3,8,77534
1680,1,7,1,512,2048,4,2,44897
1681,1,7,1,512,2048,4,3,50358
1682,1,7,1,512,2048,4,4,55819
1683,1,7,1,512,2048,4,5,61281
1684,1,7,1,512,2048,4,6,66742
1685,1,7,1,512,2048,4,7,72203
1686,1,7,1,512,2048,4,8,77665
1687,1,7,1,512,2048,5,2,45028
1688,1,7,1,512,2048,5,3,51491
1689,1,7,1,512,2048,5,4,55950
1690,1,7,1,512,2048,5,5,101582
1691,1,7,1,512,2048,5,6,101667
1692,1,7,1,512,2048,5,7,102126
1693,1,7,1,512,2048,5,8,102212
1694,1,7,1,512,2048,6,2,50646
1695,1,7,1,512,2048,6,3,62380
1696,1,7,1,512,2048,6,4,67841
1697,1,7,1,512,2048,6,5,101321
1698,1,7,1,512,2048,6,6,101406
1699,1,7,1,512,2048,6,7,101809
1700,1,7,1,512,2048,6,8,102230
1701,1,7,1,512,2048,7,2,51692
1702,1,7,1,512,2048,7,3,64470
1703,1,7,1,512,2048,7,4,69932
1704,1,7,1,512,2048,7,5,101386
1705,1,7,1,512,2048,7,6,101471
1706,1,7,1,512,2048,7,7,101827
1707,1,7,1,512,2048,7,8,106412
1708,1,7,1,512,2048,8,2,52737
1709,1,7,1,512,2048,8,3,66561
1710,1,7,1,512,2048,8,4,72022
1711,1,7,1,512,2048,8,5,101451
1712,1,7,1,512,2048,8,6,101537
1713,1,7,1,512,2048,8,7,105132
1714,1,7,1,512,2048,8,8,110593
1715,1,7,1,2048,512,2,2,27649
1716,1,7,1,2048,512,2,3,34156
1717,1,7,1,2048,512,2,4,39617
1718,1,7,1,2048,512,2,5,45079
1719,1,7,1,2048,512,2,6,50540
1720,1,7,1,2048,512,2,7,56001
1721,1,7,1,2048,512,2,8,61463
1722,1,7,1,2048,512,3,2,31830
1723,1,7,1,2048,512,3,3,45654
1724,1,7,1,2048,512,3,4,51115
1725,1,7,1,2048,512,3,5,60758
1726,1,7,1,2048,512,3,6,66220
1727,1,7,1,2048,512,3,7,71681
1728,1,7,1,2048,512,3,8,77142
1729,1,7,1,2048,512,4,2,36012
1730,1,7,1,2048,512,4,3,49835
1731,1,7,1,2048,512,4,4,55297
1732,1,7,1,2048,512,4,5,62849
1733,1,7,1,2048,512,4,6,68310
1734,1,7,1,2048,512,4,7,73771
1735,1,7,1,2048,512,4,8,79233
1736,1,7,1,2048,512,5,2,38103
1737,1,7,1,2048,512,5,3,52449
1738,1,7,1,2048,512,5,4,57910
1739,1,7,1,2048,512,5,5,100910
1740,1,7,1,2048,512,5,6,100912
1741,1,7,1,2048,512,5,7,100915
1742,1,7,1,2048,512,5,8,100918
1743,1,7,1,2048,512,6,2,40193
1744,1,7,1,2048,512,6,3,58198
1745,1,7,1,2048,512,6,4,63659
1746,1,7,1,2048,512,6,5,100914
1747,1,7,1,2048,512,6,6,100916
1748,1,7,1,2048,512,6,7,100919
1749,1,7,1,2048,512,6,8,102230
1750,1,7,1,2048,512,7,2,42284
1751,1,7,1,2048,512,7,3,62379
1752,1,7,1,2048,512,7,4,67841
1753,1,7,1,2048,512,7,5,100918
1754,1,7,1,2048,512,7,6,100920
1755,1,7,1,2048,512,7,7,101827
1756,1,7,1,2048,512,7,8,106412
1757,1,7,1,2048,512,8,2,44375
1758,1,7,1,2048,512,8,3,66561
1759,1,7,1,2048,512,8,4,72022
1760,1,7,1,2048,512,8,5,101451
1761,1,7,1,2048,512,8,6,101675
1762,1,7,1,2048,512,8,7,105132
1763,1,7,1,2048,512,8,8,110593
1764,3,224,1,3,64,2,2,1073044
1765,3,224,1,3,64,2,3,1073001
1766,3,224,1,3,64,2,4,1073044
1767,3,224,1,3,64,2,5,1072980
1768,3,224,1,3,64,2,6,1073001
1769,3,224,1,3,64,2,7,1073023
1770,3,224,1,3,64,2,8,1073044
1771,3,224,1,3,64,3,2,1074183
1772,3,224,1,3,64,3,3,1074162
1773,3,224,1,3,64,3,4,1074183
1774,3,224,1,3,64,3,5,1074151
1775,3,224,1,3,64,3,6,1074162
1776,3,224,1,3,64,3,7,1074173
1777,3,224,1,3,64,3,8,1074183
1778,3,224,1,3,64,4,2,1075408
1779,3,224,1,3,64,4,3,1075387
1780,3,224,1,3,64,4,4,1075408
1781,3,224,1,3,64,4,5,1075376
1782,3,224,1,3,64,4,6,1075387
1783,3,224,1,3,64,4,7,1075397
1784,3,224,1,3,64,4,8,1075408
1785,3,224,1,3,64,5,2,1076590
1786,3,224,1,3,64,5,3,1076580
1787,3,224,1,3,64,5,4,1076590
1788,3,224,1,3,64,5,5,1076601
1789,3,224,1,3,64,5,6,1076612
1790,3,224,1,3,64,5,7,1076622
1791,3,224,1,3,64,5,8,1076633
1792,3,224,1,3,64,6,2,1077816
1793,3,224,1,3,64,6,3,1077805
1794,3,224,1,3,64,6,4,1077816
1795,3,224,1,3,64,6,5,1077827
1796,3,224,1,3,64,6,6,1077837
1797,3,224,1,3,64,6,7,1077848
1798,3,224,1,3,64,6,8,1077859
1799,3,224,1,3,64,7,2,1079041
1800,3,224,1,3,64,7,3,1079030
1801,3,224,1,3,64,7,4,1079041
1802,3,224,1,3,64,7,5,1079051
1803,3,224,1,3,64,7,6,1079062
1804,3,224,1,3,64,7,7,1079073
1805,3,224,1,3,64,7,8,1079083
1806,3,224,1,3,64,8,2,1080265
1807,3,224,1,3,64,8,3,1080255
1808,3,224,1,3,64,8,4,1080265
1809,3,224,1,3,64,8,5,1080276
1810,3,224,1,3,64,8,6,1080287
1811,3,224,1,3,64,8,7,1080297
1812,3,224,1,3,64,8,8,1080308
1813,3,32,1,3,128,2,2,44083
1814,3,32,1,3,128,2,3,43998
1815,3,32,1,3,128,2,4,44083
1816,3,32,1,3,128,2,5,43955
1817,3,32,1,3,128,2,6,43998
1818,3,32,1,3,128,2,7,44040
1819,3,32,1,3,128,2,8,44083
1820,3,32,1,3,128,3,2,43937
1821,3,32,1,3,128,3,3,43895
1822,3,32,1,3,128,3,4,43937
1823,3,32,1,3,128,3,5,43873
1824,3,32,1,3,128,3,6,43895
1825,3,32,1,3,128,3,7,43916
1826,3,32,1,3,128,3,8,43937
1827,3,32,1,3,128,4,2,43962
1828,3,32,1,3,128,4,3,43920
1829,3,32,1,3,128,4,4,43962
1830,3,32,1,3,128,4,5,43898
1831,3,32,1,3,128,4,6,43920
1832,3,32,1,3,128,4,7,43941
1833,3,32,1,3,128,4,8,43962
1834,3,32,1,3,128,5,2,43902
1835,3,32,1,3,128,5,3,43881
1836,3,32,1,3,128,5,4,43902
1837,3,32,1,3,128,5,5,43923
1838,3,32,1,3,128,5,6,43945
1839,3,32,1,3,128,5,7,43966
1840,3,32,1,3,128,5,8,43987
1841,3,32,1,3,128,6,2,43927
1842,3,32,1,3,128,6,3,43906
1843,3,32,1,3,128,6,4,43927
1844,3,32,1,3,128,6,5,43948
1845,3,32,1,3,128,6,6,43970
1846,3,32,1,3,128,6,7,43991
1847,3,32,1,3,128,6,8,44012
1848,3,32,1,3,128,7,2,43952
1849,3,32,1,3,128,7,3,43931
1850,3,32,1,3,128,7,4,43952
1851,3,32,1,3,128,7,5,43973
1852,3,32,1,3,128,7,6,43995
1853,3,32,1,3,128,7,7,44016
1854,3,32,1,3,128,7,8,44037
1855,3,32,1,3,128,8,2,43977
1856,3,32,1,3,128,8,3,43956
1857,3,32,1,3,128,8,4,43977
1858,3,32,1,3,128,8,5,43998
1859,3,32,1,3,128,8,6,44020
1860,3,32,1,3,128,8,7,44041
1861,3,32,1,3,128,8,8,44062
1862,1,28,1,128,512,2,2,136214
1863,1,28,1,128,512,2,3,135873
1864,1,28,1,128,512,2,4,136214
1865,1,28,1,128,512,2,5,137601
1866,1,28,1,128,512,2,6,137942
1867,1,28,1,128,512,2,7,138283
1868,1,28,1,128,512,2,8,138625
1869,1,28,1,128,512,3,2,136054
1870,1,28,1,128,512,3,3,136396
1871,1,28,1,128,512,3,4,136737
1872,1,28,1,128,512,3,5,138646
1873,1,28,1,128,512,3,6,138988
1874,1,28,1,128,512,3,7,139329
1875,1,28,1,128,512,3,8,139670
1876,1,28,1,128,512,4,2,136577
1877,1,28,1,128,512,4,3,136918
1878,1,28,1,128,512,4,4,137260
1879,1,28,1,128,512,4,5,139692
1880,1,28,1,128,512,4,6,140033
1881,1,28,1,128,512,4,7,140374
1882,1,28,1,128,512,4,8,140716
1883,1,28,1,128,512,5,2,137099
1884,1,28,1,128,512,5,3,137441
1885,1,28,1,128,512,5,4,137782
1886,1,28,1,128,512,5,5,140737
1887,1,28,1,128,512,5,6,141078
1888,1,28,1,128,512,5,7,141419
1889,1,28,1,128,512,5,8,141761
1890,1,28,1,128,512,6,2,137622
1891,1,28,1,128,512,6,3,137964
1892,1,28,1,128,512,6,4,138305
1893,1,28,1,128,512,6,5,141782
1894,1,28,1,128,512,6,6,142124
1895,1,28,1,128,512,6,7,142465
1896,1,28,1,128,512,6,8,142806
1897,1,28,1,128,512,7,2,138145
1898,1,28,1,128,512,7,3,138486
1899,1,28,1,128,512,7,4,138828
1900,1,28,1,128,512,7,5,142828
1901,1,28,1,128,512,7,6,143169
1902,1,28,1,128,512,7,7,143510
1903,1,28,1,128,512,7,8,143852
1904,1,28,1,128,512,8,2,138667
1905,1,28,1,128,512,8,3,139009
1906,1,28,1,128,512,8,4,139350
1907,1,28,1,128,512,8,5,143873
1908,1,28,1,128,512,8,6,144214
1909,1,28,1,128,512,8,7,144555
1910,1,28,1,128,512,8,8,144897
1911,1,28,1,512,128,2,2,38315
1912,1,28,1,512,128,2,3,38657
1913,1,28,1,512,128,2,4,38998
1914,1,28,1,512,128,2,5,43521
1915,1,28,1,512,128,2,6,43862
1916,1,28,1,512,128,2,7,44203
1917,1,28,1,512,128,2,8,44545
1918,1,28,1,512,128,3,2,40406
1919,1,28,1,512,128,3,3,40748
1920,1,28,1,512,128,3,4,41089
1921,1,28,1,512,128,3,5,51499
1922,1,28,1,512,128,3,6,51670
1923,1,28,1,512,128,3,7,51841
1924,1,28,1,512,128,3,8,52011
1925,1,28,1,512,128,4,2,42497
1926,1,28,1,512,128,4,3,42838
1927,1,28,1,512,128,4,4,43180
1928,1,28,1,512,128,4,5,51884
1929,1,28,1,512,128,4,6,52225
1930,1,28,1,512,128,4,7,52566
1931,1,28,1,512,128,4,8,52908
1932,1,28,1,512,128,5,2,44588
1933,1,28,1,512,128,5,3,51425
1934,1,28,1,512,128,5,4,51766
1935,1,28,1,512,128,5,5,101164
1936,1,28,1,512,128,5,6,101249
1937,1,28,1,512,128,5,7,101334
1938,1,28,1,512,128,5,8,101420
1939,1,28,1,512,128,6,2,46678
1940,1,28,1,512,128,6,3,51436
1941,1,28,1,512,128,6,4,51777
1942,1,28,1,512,128,6,5,101206
1943,1,28,1,512,128,6,6,101292
1944,1,28,1,512,128,6,7,101377
1945,1,28,1,512,128,6,8,101462
1946,1,28,1,512,128,7,2,48769
1947,1,28,1,512,128,7,3,51446
1948,1,28,1,512,128,7,4,51788
1949,1,28,1,512,128,7,5,101249
1950,1,28,1,512,128,7,6,101334
1951,1,28,1,512,128,7,7,101420
1952,1,28,1,512,128,7,8,101505
1953,1,28,1,512,128,8,2,50860
1954,1,28,1,512,128,8,3,51457
1955,1,28,1,512,128,8,4,51798
1956,1,28,1,512,128,8,5,101377
1957,1,28,1,512,128,8,6,101547
1958,1,28,1,512,128,8,7,101718
1959,1,28,1,512,128,8,8,101889
1960,1,28,1,512,256,2,2,72449
1961,1,28,1,512,256,2,3,77313
1962,1,28,1,512,256,2,4,77996
1963,1,28,1,512,256,2,5,87041
1964,1,28,1,512,256,2,6,87723
1965,1,28,1,512,256,2,7,88406
1966,1,28,1,512,256,2,8,89089
1967,1,28,1,512,256,3,2,74539
1968,1,28,1,512,256,3,3,81495
1969,1,28,1,512,256,3,4,82177
1970,1,28,1,512,256,3,5,101675
1971,1,28,1,512,256,3,6,101846
1972,1,28,1,512,256,3,7,102017
1973,1,28,1,512,256,3,8,102187
1974,1,28,1,512,256,4,2,76630
1975,1,28,1,512,256,4,3,85676
1976,1,28,1,512,256,4,4,86358
1977,1,28,1,512,256,4,5,103766
1978,1,28,1,512,256,4,6,104449
1979,1,28,1,512,256,4,7,105131
1980,1,28,1,512,256,4,8,105814
1981,1,28,1,512,256,5,2,78721
1982,1,28,1,512,256,5,3,101601
1983,1,28,1,512,256,5,4,101942
1984,1,28,1,512,256,5,5,201516
1985,1,28,1,512,256,5,6,201601
1986,1,28,1,512,256,5,7,201686
1987,1,28,1,512,256,5,8,201772
1988,1,28,1,512,256,6,2,80811
1989,1,28,1,512,256,6,3,101612
1990,1,28,1,512,256,6,4,101953
1991,1,28,1,512,256,6,5,201558
1992,1,28,1,512,256,6,6,201644
1993,1,28,1,512,256,6,7,201729
1994,1,28,1,512,256,6,8,201814
1995,1,28,1,512,256,7,2,82902
1996,1,28,1,512,256,7,3,101622
1997,1,28,1,512,256,7,4,101964
1998,1,28,1,512,256,7,5,201601
1999,1,28,1,512,256,7,6,201686
2000,1,28,1,512,256,7,7,201772
2001,1,28,1,512,256,7,8,201857
2002,1,28,1,512,256,8,2,84993
2003,1,28,1,512,256,8,3,102401
2004,1,28,1,512,256,8,4,103084
2005,1,28,1,512,256,8,5,201729
2006,1,28,1,512,256,8,6,201899
2007,1,28,1,512,256,8,7,202070
2008,1,28,1,512,256,8,8,202241
2009,3,14,1,512,512,2,2,138668
2010,3,14,1,512,512,2,3,158380
2011,3,14,1,512,512,2,4,226049
2012,3,14,1,512,512,2,5,262145
2013,3,14,1,512,512,2,6,274433
2014,3,14,1,512,512,2,7,286721
2015,3,14,1,512,512,2,8,370092
2016,3,14,1,512,512,3,2,163159
2017,3,14,1,512,512,3,3,227692
2018,3,14,1,512,512,3,4,283308
2019,3,14,1,512,512,3,5,452476
2020,3,14,1,512,512,3,6,452572
2021,3,14,1,512,512,3,7,453330
2022,3,14,1,512,512,3,8,466263
2023,3,14,1,512,512,4,2,180225
2024,3,14,1,512,512,4,3,237569
2025,3,14,1,512,512,4,4,296897
2026,3,14,1,512,512,4,5,453142
2027,3,14,1,512,512,4,6,453334
2028,3,14,1,512,512,4,7,453526
2029,3,14,1,512,512,4,8,499713
2030,3,14,1,512,512,5,2,242006
2031,3,14,1,512,512,5,3,452563
2032,3,14,1,512,512,5,4,453025
2033,3,14,1,512,512,5,5,903634
2034,3,14,1,512,512,5,6,903658
2035,3,14,1,512,512,5,7,903682
2036,3,14,1,512,512,5,8,903706
2037,3,14,1,512,512,6,2,258732
2038,3,14,1,512,512,6,3,452582
2039,3,14,1,512,512,6,4,453100
2040,3,14,1,512,512,6,5,903644
2041,3,14,1,512,512,6,6,903668
2042,3,14,1,512,512,6,7,903692
2043,3,14,1,512,512,6,8,903964
2044,3,14,1,512,512,7,2,275457
2045,3,14,1,512,512,7,3,452601
2046,3,14,1,512,512,7,4,453174
2047,3,14,1,512,512,7,5,903653
2048,3,14,1,512,512,7,6,903677
2049,3,14,1,512,512,7,7,903701
2050,3,14,1,512,512,7,8,903982
2051,3,14,1,512,512,8,2,292182
2052,3,14,1,512,512,8,3,452619
2053,3,14,1,512,512,8,4,453249
2054,3,14,1,512,512,8,5,903662
2055,3,14,1,512,512,8,6,903686
2056,3,14,1,512,512,8,7,903710
2057,3,14,1,512,512,8,8,904001
2058,3,14,1,256,256,2,2,35201
2059,3,14,1,256,256,2,3,39596
2060,3,14,1,256,256,2,4,57047
2061,3,14,1,256,256,2,5,65537
2062,3,14,1,256,256,2,6,68609
2063,3,14,1,256,256,2,7,71681
2064,3,14,1,256,256,2,8,93569
2065,3,14,1,256,256,3,2,40791
2066,3,14,1,256,256,3,3,58348
2067,3,14,1,256,256,3,4,70828
2068,3,14,1,256,256,3,5,113788
2069,3,14,1,256,256,3,6,113884
2070,3,14,1,256,256,3,7,113980
2071,3,14,1,256,256,3,8,116567
2072,3,14,1,256,256,4,2,45057
2073,3,14,1,256,256,4,3,59393
2074,3,14,1,256,256,4,4,75329
2075,3,14,1,256,256,4,5,114454
2076,3,14,1,256,256,4,6,114646
2077,3,14,1,256,256,4,7,114838
2078,3,14,1,256,256,4,8,124929
2079,3,14,1,256,256,5,2,60502
2080,3,14,1,256,256,5,3,113875
2081,3,14,1,256,256,5,4,114337
2082,3,14,1,256,256,5,5,226258
2083,3,14,1,256,256,5,6,226282
2084,3,14,1,256,256,5,7,226306
2085,3,14,1,256,256,5,8,226821
2086,3,14,1,256,256,6,2,64684
2087,3,14,1,256,256,6,3,113894
2088,3,14,1,256,256,6,4,114412
2089,3,14,1,256,256,6,5,226268
2090,3,14,1,256,256,6,6,226292
2091,3,14,1,256,256,6,7,226316
2092,3,14,1,256,256,6,8,226588
2093,3,14,1,256,256,7,2,68865
2094,3,14,1,256,256,7,3,113913
2095,3,14,1,256,256,7,4,114486
2096,3,14,1,256,256,7,5,226277
2097,3,14,1,256,256,7,6,226301
2098,3,14,1,256,256,7,7,226325
2099,3,14,1,256,256,7,8,226606
2100,3,14,1,256,256,8,2,73046
2101,3,14,1,256,256,8,3,114369
2102,3,14,1,256,256,8,4,114561
2103,3,14,1,256,256,8,5,226286
2104,3,14,1,256,256,8,6,226310
2105,3,14,1,256,256,8,7,226577
2106,3,14,1,256,256,8,8,226625
2107,3,16,1,128,256,2,2,25794
2108,3,16,1,128,256,2,3,26988
2109,3,16,1,128,256,2,4,28524
2110,3,16,1,128,256,2,5,38700
2111,3,16,1,128,256,2,6,38892
2112,3,16,1,128,256,2,7,39084
2113,3,16,1,128,256,2,8,56513
2114,3,16,1,128,256,3,2,28791
2115,3,16,1,128,256,3,3,38412
2116,3,16,1,128,256,3,4,38604
2117,3,16,1,128,256,3,5,74678
2118,3,16,1,128,256,3,6,74774
2119,3,16,1,128,256,3,7,74870
2120,3,16,1,128,256,3,8,74966
2121,3,16,1,128,256,4,2,29057
2122,3,16,1,128,256,4,3,38657
2123,3,16,1,128,256,4,4,38849
2124,3,16,1,128,256,4,5,74721
2125,3,16,1,128,256,4,6,74817
2126,3,16,1,128,256,4,7,75276
2127,3,16,1,128,256,4,8,75180
2128,3,16,1,128,256,5,2,38412
2129,3,16,1,128,256,5,3,74886
2130,3,16,1,128,256,5,4,75036
2131,3,16,1,128,256,5,5,148145
2132,3,16,1,128,256,5,6,148193
2133,3,16,1,128,256,5,7,148241
2134,3,16,1,128,256,5,8,148289
2135,3,16,1,128,256,6,2,38332
2136,3,16,1,128,256,6,3,74934
2137,3,16,1,128,256,6,4,75084
2138,3,16,1,128,256,6,5,148166
2139,3,16,1,128,256,6,6,148214
2140,3,16,1,128,256,6,7,148262
2141,3,16,1,128,256,6,8,148310
2142,3,16,1,128,256,7,2,38398
2143,3,16,1,128,256,7,3,74982
2144,3,16,1,128,256,7,4,75132
2145,3,16,1,128,256,7,5,148187
2146,3,16,1,128,256,7,6,148235
2147,3,16,1,128,256,7,7,148283
2148,3,16,1,128,256,7,8,148331
2149,3,16,1,128,256,8,2,38166
2150,3,16,1,128,256,8,3,75030
2151,3,16,1,128,256,8,4,75180
2152,3,16,1,128,256,8,5,148209
2153,3,16,1,128,256,8,6,148257
2154,3,16,1,128,256,8,7,148305
2155,3,16,1,128,256,8,8,148353
2156,3,16,1,256,256,2,2,35201
2157,3,16,1,256,256,2,3,39596
2158,3,16,1,256,256,2,4,57047
2159,3,16,1,256,256,2,5,75564
2160,3,16,1,256,256,2,6,75756
2161,3,16,1,256,256,2,7,76289
2162,3,16,1,256,256,2,8,113025
2163,3,16,1,256,256,3,2,40791
2164,3,16,1,256,256,3,3,75276
2165,3,16,1,256,256,3,4,75196
2166,3,16,1,256,256,3,5,148406
2167,3,16,1,256,256,3,6,148502
2168,3,16,1,256,256,3,7,148598
2169,3,16,1,256,256,3,8,148694
2170,3,16,1,256,256,4,2,45057
2171,3,16,1,256,256,4,3,75521
2172,3,16,1,256,256,4,4,75329
2173,3,16,1,256,256,4,5,148449
2174,3,16,1,256,256,4,6,148524
2175,3,16,1,256,256,4,7,148572
2176,3,16,1,256,256,4,8,148620
2177,3,16,1,256,256,5,2,75276
2178,3,16,1,256,256,5,3,148534
2179,3,16,1,256,256,5,4,148452
2180,3,16,1,256,256,5,5,295427
2181,3,16,1,256,256,5,6,295451
2182,3,16,1,256,256,5,7,295475
2183,3,16,1,256,256,5,8,295499
2184,3,16,1,256,256,6,2,75196
2185,3,16,1,256,256,6,3,148556
2186,3,16,1,256,256,6,4,148432
2187,3,16,1,256,256,6,5,295438
2188,3,16,1,256,256,6,6,295462
2189,3,16,1,256,256,6,7,295486
2190,3,16,1,256,256,6,8,295510
2191,3,16,1,256,256,7,2,75262
2192,3,16,1,256,256,7,3,148577
2193,3,16,1,256,256,7,4,148448
2194,3,16,1,256,256,7,5,295449
2195,3,16,1,256,256,7,6,295473
2196,3,16,1,256,256,7,7,295497
2197,3,16,1,256,256,7,8,295521
2198,3,16,1,256,256,8,2,75030
2199,3,16,1,256,256,8,3,148598
2200,3,16,1,256,256,8,4,148465
2201,3,16,1,256,256,8,5,295459
2202,3,16,1,256,256,8,6,295483
2203,3,16,1,256,256,8,7,295507
2204,3,16,1,256,256,8,8,295809
2205,3,13,1,384,256,2,2,44204
2206,3,13,1,384,256,2,3,76545
2207,3,13,1,384,256,2,4,85569
2208,3,13,1,384,256,2,5,98305
2209,3,13,1,384,256,2,6,102913
2210,3,13,1,384,256,2,7,107521
2211,3,13,1,384,256,2,8,140353
2212,3,13,1,384,256,3,2,57732
2213,3,13,1,384,256,3,3,86646
2214,3,13,1,384,256,3,4,106242
2215,3,13,1,384,256,3,5,147350
2216,3,13,1,384,256,3,6,147542
2217,3,13,1,384,256,3,7,148530
2218,3,13,1,384,256,3,8,174850
2219,3,13,1,384,256,4,2,57398
2220,3,13,1,384,256,4,3,89089
2221,3,13,1,384,256,4,4,112577
2222,3,13,1,384,256,4,5,158241
2223,3,13,1,384,256,4,6,162849
2224,3,13,1,384,256,4,7,167457
2225,3,13,1,384,256,4,8,187393
2226,3,13,1,384,256,5,2,88662
2227,3,13,1,384,256,5,3,147836
2228,3,13,1,384,256,5,4,165801
2229,3,13,1,384,256,5,5,292847
2230,3,13,1,384,256,5,6,292943
2231,3,13,1,384,256,5,7,293039
2232,3,13,1,384,256,5,8,293135
2233,3,13,1,384,256,6,2,97025
2234,3,13,1,384,256,6,3,147914
2235,3,13,1,384,256,6,4,170860
2236,3,13,1,384,256,6,5,292886
2237,3,13,1,384,256,6,6,292982
2238,3,13,1,384,256,6,7,293078
2239,3,13,1,384,256,6,8,293174
2240,3,13,1,384,256,7,2,103297
2241,3,13,1,384,256,7,3,147992
2242,3,13,1,384,256,7,4,170934
2243,3,13,1,384,256,7,5,292925
2244,3,13,1,384,256,7,6,293021
2245,3,13,1,384,256,7,7,293117
2246,3,13,1,384,256,7,8,293746
2247,3,13,1,384,256,8,2,109569
2248,3,13,1,384,256,8,3,149026
2249,3,13,1,384,256,8,4,171009
2250,3,13,1,384,256,8,5,293441
2251,3,13,1,384,256,8,6,293774
2252,3,13,1,384,256,8,7,293966
2253,3,13,1,384,256,8,8,307265
2254,3,13,1,256,256,2,2,35201
2255,3,13,1,256,256,2,3,39596
2256,3,13,1,256,256,2,4,57047
2257,3,13,1,256,256,2,5,65537
2258,3,13,1,256,256,2,6,68609
2259,3,13,1,256,256,2,7,71681
2260,3,13,1,256,256,2,8,93569
2261,3,13,1,256,256,3,2,40791
2262,3,13,1,256,256,3,3,58348
2263,3,13,1,256,256,3,4,70828
2264,3,13,1,256,256,3,5,98678
2265,3,13,1,256,256,3,6,98870
2266,3,13,1,256,256,3,7,99062
2267,3,13,1,256,256,3,8,116567
2268,3,13,1,256,256,4,2,45057
2269,3,13,1,256,256,4,3,59393
2270,3,13,1,256,256,4,4,75329
2271,3,13,1,256,256,4,5,105494
2272,3,13,1,256,256,4,6,108566
2273,3,13,1,256,256,4,7,111638
2274,3,13,1,256,256,4,8,124929
2275,3,13,1,256,256,5,2,60502
2276,3,13,1,256,256,5,3,99164
2277,3,13,1,256,256,5,4,110534
2278,3,13,1,256,256,5,5,195503
2279,3,13,1,256,256,5,6,195599
2280,3,13,1,256,256,5,7,195695
2281,3,13,1,256,256,5,8,195791
2282,3,13,1,256,256,6,2,64684
2283,3,13,1,256,256,6,3,99242
2284,3,13,1,256,256,6,4,114412
2285,3,13,1,256,256,6,5,195542
2286,3,13,1,256,256,6,6,195638
2287,3,13,1,256,256,6,7,195734
2288,3,13,1,256,256,6,8,195830
2289,3,13,1,256,256,7,2,68865
2290,3,13,1,256,256,7,3,99320
2291,3,13,1,256,256,7,4,114486
2292,3,13,1,256,256,7,5,195581
2293,3,13,1,256,256,7,6,195677
2294,3,13,1,256,256,7,7,195773
2295,3,13,1,256,256,7,8,195869
2296,3,13,1,256,256,8,2,73046
2297,3,13,1,256,256,8,3,99364
2298,3,13,1,256,256,8,4,114561
2299,3,13,1,256,256,8,5,195628
2300,3,13,1,256,256,8,6,196430
2301,3,13,1,256,256,8,7,196622
2302,3,13,1,256,256,8,8,204844
